#
# There is insufficient memory for the Java Runtime Environment to continue.
# Native memory allocation (mmap) failed to map 675282944 bytes. Error detail: G1 virtual space
# Possible reasons:
#   The system is out of physical RAM or swap space
#   This process is running with CompressedOops enabled, and the Java Heap may be blocking the growth of the native heap
# Possible solutions:
#   Reduce memory load on the system
#   Increase physical memory or swap space
#   Check if swap backing store is full
#   Decrease Java heap size (-Xmx/-Xms)
#   Decrease number of Java threads
#   Decrease Java thread stack sizes (-Xss)
#   Set larger code cache with -XX:ReservedCodeCacheSize=
#   JVM is running with Zero Based Compressed Oops mode in which the Java heap is
#     placed in the first 32GB address space. The Java Heap base address is the
#     maximum limit for the native heap growth. Please use -XX:HeapBaseMinAddress
#     to set the Java Heap base and to place the Java Heap above 32GB virtual address.
# This output file may be truncated or incomplete.
#
#  Out of Memory Error (os_windows.cpp:3630), pid=1632, tid=19228
#
# JRE version: OpenJDK Runtime Environment Temurin-17.0.20+8 (17.0.20+8) (build 17.0.20+8)
# Java VM: OpenJDK 64-Bit Server VM Temurin-17.0.20+8 (17.0.20+8, mixed mode, sharing, tiered, compressed oops, compressed class ptrs, g1 gc, windows-amd64)
# No core dump will be written. Minidumps are not enabled by default on client versions of Windows
#

---------------  S U M M A R Y ------------

Command Line: -Dfile.encoding=UTF-8 -Dstdout.encoding=UTF-8 -Dstderr.encoding=UTF-8 -XX:+ShowCodeDetailsInExceptionMessages swgohManager.SwgohApplication

Host: Intel(R) Core(TM) i7-2600K CPU @ 3.40GHz, 8 cores, 15G,  Windows 10 , 64 bit Build 19041 (10.0.19041.5915)
Time: Fri Aug 21 19:41:51 2026 Paris, Madrid (heure duild 19041 (10.0.19041.5915) elapsed time: 1346.172335 seconds (0d 0h 22m 26s)

---------------  T H R E A D  ---------------

Current thread (0x00000260e61fcfa0):  VMThread "VM Thread" [stack: 0x000000b074100000,0x000000b074200000] [id=19228]

Stack: [0x000000b074100000,0x000000b074200000]
Native frames: (J=compiled Java code, j=interpreted, Vv=VM code, C=native code)
V  [jvm.dll+0x684d39]
V  [jvm.dll+0x83a565]
V  [jvm.dll+0x83bfde]
V  [jvm.dll+0x83c663]
V  [jvm.dll+0x2490cf]
V  [jvm.dll+0x681af9]
V  [jvm.dll+0x6768ba]
V  [jvm.dll+0x309467]
V  [jvm.dll+0x310a56]
V  [jvm.dll+0x360f3e]
V  [jvm.dll+0x36117d]
V  [jvm.dll+0x2e04ec]
V  [jvm.dll+0x2de8c2]
V  [jvm.dll+0x2de05c]
V  [jvm.dll+0x320cab]
V  [jvm.dll+0x840e7d]
V  [jvm.dll+0x841bb3]
V  [jvm.dll+0x8420df]
V  [jvm.dll+0x8424c5]
V  [jvm.dll+0x84258e]
V  [jvm.dll+0x7eb17c]
V  [jvm.dll+0x683c07]
C  [ucrtbase.dll+0x21bb2]
C  [KERNEL32.DLL+0x17374]
C  [ntdll.dll+0x4cc91]

VM_Operation (0x000000b0782fba40): G1CollectForAllocation, mode: safepoint, requested by thread 0x000002612feb6ca0


---------------  P R O C E S S  ---------------

Threads class SMR info:
_java_thread_list=0x0000026130306b80, length=60, elements={
0x00000260e6202a70, 0x00000260e62038f0, 0x00000260e63473d0, 0x00000260e6347f90,
0x00000260e634ad60, 0x00000260e634ec20, 0x00000260e63599e0, 0x00000260e635c4a0,
0x00000260e6366e90, 0x00000260e6491700, 0x00000260e64a1520, 0x000002612dff5c20,
0x000002612ee05ed0, 0x000002612dae0440, 0x000002612cd9ef60, 0x000002612cd9d610,
0x000002612cd9cbf0, 0x000002612cd9db20, 0x000002612f53eaa0, 0x000002612f53c730,
0x000002612f53efb0, 0x000002612f53fee0, 0x000002612f5403f0, 0x000002612f53b800,
0x000002612f542760, 0x000002612f540e10, 0x000002612f53db70, 0x000002612f53b2f0,
0x000002612f53d150, 0x000002612f53d660, 0x000002612f53bd10, 0x000002612f53e080,
0x000002612f540900, 0x000002612f541d40, 0x000002612cd9ea50, 0x000002612feb9f40,
0x000002612feb4930, 0x000002612feb85f0, 0x000002612feba450, 0x000002612febbda0,
0x000002612feb9520, 0x000002612feba960, 0x000002612feb4e40, 0x000002612feb9010,
0x000002612feb5350, 0x000002612feb80e0, 0x000002612febae70, 0x000002612feb9a30,
0x000002612feb5860, 0x000002612feb6ca0, 0x000002612febb380, 0x000002612febb890,
0x000002612feb6790, 0x000002612cd9e540, 0x000002612cd9f470, 0x000002612f542c70,
0x00000260e6e1cd40, 0x00000260e6e19590, 0x00000260e6e1c320, 0x00000260e6e1b3f0
}

Java Threads: ( => current thread )
  0x00000260e6202a70 JavaThread "Reference Handler" daemon [_thread_blocked, id=12944, stack(0x000000b074200000,0x000000b074300000)]
  0x00000260e62038f0 JavaThread "Finalizer" daemon [_thread_blocked, id=15284, stack(0x000000b074300000,0x000000b074400000)]
  0x00000260e63473d0 JavaThread "Signal Dispatcher" daemon [_thread_blocked, id=1600, stack(0x000000b074400000,0x000000b074500000)]
  0x00000260e6347f90 JavaThread "Attach Listener" daemon [_thread_blocked, id=17656, stack(0x000000b074500000,0x000000b074600000)]
  0x00000260e634ad60 JavaThread "Service Thread" daemon [_thread_blocked, id=18936, stack(0x000000b074600000,0x000000b074700000)]
  0x00000260e634ec20 JavaThread "Monitor Deflation Thread" daemon [_thread_blocked, id=9380, stack(0x000000b074700000,0x000000b074800000)]
  0x00000260e63599e0 JavaThread "C2 CompilerThread0" daemon [_thread_blocked, id=21380, stack(0x000000b074800000,0x000000b074900000)]
  0x00000260e635c4a0 JavaThread "C1 CompilerThread0" daemon [_thread_blocked, id=9520, stack(0x000000b074900000,0x000000b074a00000)]
  0x00000260e6366e90 JavaThread "Sweeper thread" daemon [_thread_blocked, id=13240, stack(0x000000b074a00000,0x000000b074b00000)]
  0x00000260e6491700 JavaThread "Notification Thread" daemon [_thread_blocked, id=9080, stack(0x000000b074b00000,0x000000b074c00000)]
  0x00000260e64a1520 JavaThread "Common-Cleaner" daemon [_thread_blocked, id=884, stack(0x000000b074d00000,0x000000b074e00000)]
  0x000002612dff5c20 JavaThread "Catalina-utility-1" [_thread_blocked, id=17604, stack(0x000000b075a00000,0x000000b075b00000)]
  0x000002612ee05ed0 JavaThread "Catalina-utility-2" [_thread_blocked, id=8780, stack(0x000000b075b00000,0x000000b075c00000)]
  0x000002612dae0440 JavaThread "container-0" [_thread_blocked, id=3856, stack(0x000000b075c00000,0x000000b075d00000)]
  0x000002612cd9ef60 JavaThread "PostgreSQL-JDBC-Cleaner" daemon [_thread_blocked, id=15752, stack(0x000000b075e00000,0x000000b075f00000)]
  0x000002612cd9d610 JavaThread "HikariPool-1 housekeeper" daemon [_thread_blocked, id=18852, stack(0x000000b075f00000,0x000000b076000000)]
  0x000002612cd9cbf0 JavaThread "boundedElastic-evictor-1" daemon [_thread_blocked, id=15040, stack(0x000000b075600000,0x000000b075700000)]
  0x000002612cd9db20 JavaThread "HttpClient-1-SelectorManager" daemon [_thread_in_native, id=7776, stack(0x000000b076200000,0x000000b076300000)]
  0x000002612f53eaa0 JavaThread "File Watcher" daemon [_thread_blocked, id=18240, stack(0x000000b076000000,0x000000b076100000)]
  0x000002612f53c730 JavaThread "Live Reload Server" daemon [_thread_in_native, id=8212, stack(0x000000b076500000,0x000000b076600000)]
  0x000002612f53efb0 JavaThread "http-nio-8080-exec-1" daemon [_thread_blocked, id=18096, stack(0x000000b076400000,0x000000b076500000)]
  0x000002612f53fee0 JavaThread "http-nio-8080-exec-2" daemon [_thread_blocked, id=16980, stack(0x000000b076600000,0x000000b076700000)]
  0x000002612f5403f0 JavaThread "http-nio-8080-exec-3" daemon [_thread_blocked, id=13180, stack(0x000000b076700000,0x000000b076800000)]
  0x000002612f53b800 JavaThread "http-nio-8080-exec-4" daemon [_thread_blocked, id=11012, stack(0x000000b076800000,0x000000b076900000)]
  0x000002612f542760 JavaThread "http-nio-8080-exec-5" daemon [_thread_blocked, id=11368, stack(0x000000b076900000,0x000000b076a00000)]
  0x000002612f540e10 JavaThread "http-nio-8080-exec-6" daemon [_thread_blocked, id=12252, stack(0x000000b076a00000,0x000000b076b00000)]
  0x000002612f53db70 JavaThread "http-nio-8080-exec-7" daemon [_thread_blocked, id=8572, stack(0x000000b076b00000,0x000000b076c00000)]
  0x000002612f53b2f0 JavaThread "http-nio-8080-exec-8" daemon [_thread_blocked, id=6204, stack(0x000000b076c00000,0x000000b076d00000)]
  0x000002612f53d150 JavaThread "http-nio-8080-exec-9" daemon [_thread_blocked, id=9232, stack(0x000000b076d00000,0x000000b076e00000)]
  0x000002612f53d660 JavaThread "http-nio-8080-exec-10" daemon [_thread_blocked, id=17836, stack(0x000000b076e00000,0x000000b076f00000)]
  0x000002612f53bd10 JavaThread "http-nio-8080-Poller" daemon [_thread_in_native, id=136, stack(0x000000b076f00000,0x000000b077000000)]
  0x000002612f53e080 JavaThread "http-nio-8080-Acceptor" daemon [_thread_in_native, id=21440, stack(0x000000b077000000,0x000000b077100000)]
  0x000002612f540900 JavaThread "scheduling-1" [_thread_blocked, id=19656, stack(0x000000b077100000,0x000000b077200000)]
  0x000002612f541d40 JavaThread "DestroyJavaVM" [_thread_blocked, id=19312, stack(0x000000b073b00000,0x000000b073c00000)]
  0x000002612cd9ea50 JavaThread "ForkJoinPool.commonPool-worker-4" daemon [_thread_blocked, id=13776, stack(0x000000b073a00000,0x000000b073b00000)]
  0x000002612feb9f40 JavaThread "ForkJoinPool.commonPool-worker-5" daemon [_thread_blocked, id=1312, stack(0x000000b077200000,0x000000b077300000)]
  0x000002612feb4930 JavaThread "ForkJoinPool.commonPool-worker-6" daemon [_thread_blocked, id=12508, stack(0x000000b077300000,0x000000b077400000)]
  0x000002612feb85f0 JavaThread "ForkJoinPool.commonPool-worker-7" daemon [_thread_blocked, id=20540, stack(0x000000b077400000,0x000000b077500000)]
  0x000002612feba450 JavaThread "reactor-http-nio-1" daemon [_thread_in_native, id=15992, stack(0x000000b073800000,0x000000b073900000)]
  0x000002612febbda0 JavaThread "reactor-http-nio-2" daemon [_thread_in_native, id=19560, stack(0x000000b073900000,0x000000b073a00000)]
  0x000002612feb9520 JavaThread "reactor-http-nio-3" daemon [_thread_in_native, id=20712, stack(0x000000b075000000,0x000000b075100000)]
  0x000002612feba960 JavaThread "reactor-http-nio-4" daemon [_thread_in_native, id=16600, stack(0x000000b075d00000,0x000000b075e00000)]
  0x000002612feb4e40 JavaThread "reactor-http-nio-5" daemon [_thread_in_native, id=19372, stack(0x000000b076100000,0x000000b076200000)]
  0x000002612feb9010 JavaThread "reactor-http-nio-6" daemon [_thread_in_native, id=9624, stack(0x000000b077500000,0x000000b077600000)]
  0x000002612feb5350 JavaThread "reactor-http-nio-7" daemon [_thread_in_native, id=5472, stack(0x000000b077600000,0x000000b077700000)]
  0x000002612feb80e0 JavaThread "reactor-http-nio-8" daemon [_thread_in_native, id=15020, stack(0x000000b077700000,0x000000b077800000)]
  0x000002612febae70 JavaThread "Thread-15" daemon [_thread_in_native, id=18136, stack(0x000000b077e00000,0x000000b077f00000)]
  0x000002612feb9a30 JavaThread "pool-4-thread-1" [_thread_blocked, id=7700, stack(0x000000b077f00000,0x000000b078000000)]
  0x000002612feb5860 JavaThread "pool-4-thread-2" [_thread_blocked, id=6184, stack(0x000000b078100000,0x000000b078200000)]
  0x000002612feb6ca0 JavaThread "pool-4-thread-3" [_thread_blocked, id=16620, stack(0x000000b078200000,0x000000b078300000)]
  0x000002612febb380 JavaThread "pool-4-thread-4" [_thread_blocked, id=11584, stack(0x000000b078300000,0x000000b078400000)]
  0x000002612febb890 JavaThread "pool-4-thread-5" [_thread_blocked, id=9352, stack(0x000000b078400000,0x000000b078500000)]
  0x000002612feb6790 JavaThread "pool-4-thread-6" [_thread_blocked, id=5512, stack(0x000000b078500000,0x000000b078600000)]
  0x000002612cd9e540 JavaThread "pool-4-thread-7" [_thread_blocked, id=12144, stack(0x000000b078600000,0x000000b078700000)]
  0x000002612cd9f470 JavaThread "pool-4-thread-8" [_thread_blocked, id=3344, stack(0x000000b078700000,0x000000b078800000)]
  0x000002612f542c70 JavaThread "pool-4-thread-9" [_thread_blocked, id=13476, stack(0x000000b078800000,0x000000b078900000)]
  0x00000260e6e1cd40 JavaThread "pool-4-thread-10" [_thread_blocked, id=8440, stack(0x000000b078900000,0x000000b078a00000)]
  0x00000260e6e19590 JavaThread "ForkJoinPool.commonPool-worker-10" daemon [_thread_blocked, id=19424, stack(0x000000b078a00000,0x000000b078b00000)]
  0x00000260e6e1c320 JavaThread "ForkJoinPool.commonPool-worker-11" daemon [_thread_blocked, id=5528, stack(0x000000b078c00000,0x000000b078d00000)]
  0x00000260e6e1b3f0 JavaThread "ForkJoinPool.commonPool-worker-12" daemon [_thread_blocked, id=18164, stack(0x000000b078b00000,0x000000b078c00000)]

Other Threads:
=>0x00000260e61fcfa0 VMThread "VM Thread" [stack: 0x000000b074100000,0x000000b074200000] [id=19228]
  0x00000260e61ef9f0 WatcherThread [stack: 0x000000b074c00000,0x000000b074d00000] [id=2328]
  0x00000260c3159450 GCTaskThread "GC Thread#0" [stack: 0x000000b073c00000,0x000000b073d00000] [id=17180]
  0x000002612c30aa70 GCTaskThread "GC Thread#1" [stack: 0x000000b075100000,0x000000b075200000] [id=19156]
  0x000002612c1cc3d0 GCTaskThread "GC Thread#2" [stack: 0x000000b075200000,0x000000b075300000] [id=13936]
  0x000002612c44da10 GCTaskThread "GC Thread#3" [stack: 0x000000b075300000,0x000000b075400000] [id=21064]
  0x000002612c44dcd0 GCTaskThread "GC Thread#4" [stack: 0x000000b075400000,0x000000b075500000] [id=10676]
  0x000002612c44df90 GCTaskThread "GC Thread#5" [stack: 0x000000b075500000,0x000000b075600000] [id=18580]
  0x000002612c79b150 GCTaskThread "GC Thread#6" [stack: 0x000000b075800000,0x000000b075900000] [id=17056]
  0x000002612c718010 GCTaskThread "GC Thread#7" [stack: 0x000000b075900000,0x000000b075a00000] [id=7204]
  0x00000260c316a330 ConcurrentGCThread "G1 Main Marker" [stack: 0x000000b073d00000,0x000000b073e00000] [id=17952]
  0x00000260c316ad50 ConcurrentGCThread "G1 Conc#0" [stack: 0x000000b073e00000,0x000000b073f00000] [id=1628]
  0x000002612e89adb0 ConcurrentGCThread "G1 Conc#1" [stack: 0x000000b075700000,0x000000b075800000] [id=1368]
  0x00000260e60b5190 ConcurrentGCThread "G1 Refine#0" [stack: 0x000000b073f00000,0x000000b074000000] [id=16300]
  0x000002612d83d120 ConcurrentGCThread "G1 Refine#1" [stack: 0x000000b076300000,0x000000b076400000] [id=7380]
  0x000002612d83c560 ConcurrentGCThread "G1 Refine#2" [stack: 0x000000b077900000,0x000000b077a00000] [id=4588]
  0x000002612d83dce0 ConcurrentGCThread "G1 Refine#3" [stack: 0x000000b077800000,0x000000b077900000] [id=16308]
  0x000002612d83d700 ConcurrentGCThread "G1 Refine#4" [stack: 0x000000b077a00000,0x000000b077b00000] [id=1424]
  0x000002612d83c850 ConcurrentGCThread "G1 Refine#5" [stack: 0x000000b077b00000,0x000000b077c00000] [id=9256]
  0x000002612d83ce30 ConcurrentGCThread "G1 Refine#6" [stack: 0x000000b077c00000,0x000000b077d00000] [id=16244]
  0x000002612d83dfd0 ConcurrentGCThread "G1 Refine#7" [stack: 0x000000b077d00000,0x000000b077e00000] [id=9696]
  0x00000260e60b5bc0 ConcurrentGCThread "G1 Service" [stack: 0x000000b074000000,0x000000b074100000] [id=2744]

Threads with active compile tasks:

VM state: at safepoint (normal execution)

VM Mutex/Monitor currently owned by a thread:  ([mutex/lock_event])
[0x00000260c30e9110] Threads_lock - owner thread: 0x00000260e61fcfa0
[0x00000260c30e8b70] Heap_lock - owner thread: 0x000002612feb6ca0

Heap address: 0x0000000700600000, size: 4090 MB, Compressed Oops mode: Zero based, Oop shift amount: 3

CDS archive(s) mapped at: [0x00000260e7000000-0x00000260e7bb0000-0x00000260e7bb0000), size 12255232, SharedBaseAddress: 0x00000260e7000000, ArchiveRelocationMode: 1.
Compressed class space mapped at: 0x00000260e8000000-0x0000026128000000, reserved size: 1073741824
Narrow klass base: 0x00000260e7000000, Narrow klass shift: 0, Narrow klass range: 0x100000000

GC Precious Log:
 CPUs: 8 total, 8 available
 Memory: 16358M
 Large Page Support: Disabled
 NUMA Support: Disabled
 Compressed Oops: Enabled (Zero based)
 Heap Region Size: 2M
 Heap Min Capacity: 8M
 Heap Initial Capacity: 256M
 Heap Max Capacity: 4090M
 Pre-touch: Disabled
 Parallel Workers: 8
 Concurrent Workers: 2
 Concurrent Refinement Workers: 8
 Periodic GC: Disabled

Heap:
 garbage-first heap   total 573440K, used 187911K [0x0000000700600000, 0x0000000800000000)
  region size 2048K, 15 young (30720K), 15 survivors (30720K)
 Metaspace       used 95431K, committed 96192K, reserved 1179648K
  class space    used 12592K, committed 12992K, reserved 1048576K

Heap Regions: E=young(eden), S=young(survivor), O=old, HS=humongous(starts), HC=humongous(continues), CS=collection set, F=free, OA=open archive, CA=closed archive, TAMS=top-at-mark-start (previous, next)
|   0|0x0000000700600000, 0x0000000700800000, 0x0000000700800000|100%| O|  |TAMS 0x0000000700800000, 0x0000000700800000| Untracked 
|   1|0x0000000700800000, 0x0000000700a00000, 0x0000000700a00000|100%| O|  |TAMS 0x0000000700a00000, 0x0000000700a00000| Untracked 
|   2|0x0000000700a00000, 0x0000000700c00000, 0x0000000700c00000|100%| O|  |TAMS 0x0000000700c00000, 0x0000000700c00000| Untracked 
|   3|0x0000000700c00000, 0x0000000700e00000, 0x0000000700e00000|100%| O|  |TAMS 0x0000000700e00000, 0x0000000700e00000| Untracked 
|   4|0x0000000700e00000, 0x0000000701000000, 0x0000000701000000|100%| O|  |TAMS 0x0000000701000000, 0x0000000701000000| Untracked 
|   5|0x0000000701000000, 0x0000000701200000, 0x0000000701200000|100%| O|  |TAMS 0x0000000701200000, 0x0000000701200000| Untracked 
|   6|0x0000000701200000, 0x0000000701400000, 0x0000000701400000|100%| O|  |TAMS 0x0000000701400000, 0x0000000701400000| Untracked 
|   7|0x0000000701400000, 0x0000000701600000, 0x0000000701600000|100%| O|  |TAMS 0x0000000701600000, 0x0000000701600000| Untracked 
|   8|0x0000000701600000, 0x0000000701800000, 0x0000000701800000|100%| O|  |TAMS 0x0000000701800000, 0x0000000701800000| Untracked 
|   9|0x0000000701800000, 0x0000000701a00000, 0x0000000701a00000|100%| O|  |TAMS 0x0000000701800000, 0x0000000701a00000| Untracked 
|  10|0x0000000701a00000, 0x0000000701c00000, 0x0000000701c00000|100%| O|  |TAMS 0x0000000701c00000, 0x0000000701c00000| Untracked 
|  11|0x0000000701c00000, 0x0000000701e00000, 0x0000000701e00000|100%| O|  |TAMS 0x0000000701e00000, 0x0000000701e00000| Untracked 
|  12|0x0000000701e00000, 0x0000000702000000, 0x0000000702000000|100%| O|  |TAMS 0x0000000702000000, 0x0000000702000000| Untracked 
|  13|0x0000000702000000, 0x0000000702200000, 0x0000000702200000|100%| O|  |TAMS 0x0000000702200000, 0x0000000702200000| Untracked 
|  14|0x0000000702200000, 0x0000000702400000, 0x0000000702400000|100%| O|  |TAMS 0x0000000702400000, 0x0000000702400000| Untracked 
|  15|0x0000000702400000, 0x0000000702600000, 0x0000000702600000|100%| O|  |TAMS 0x0000000702600000, 0x0000000702600000| Untracked 
|  16|0x0000000702600000, 0x0000000702800000, 0x0000000702800000|100%| O|  |TAMS 0x0000000702800000, 0x0000000702800000| Untracked 
|  17|0x0000000702800000, 0x0000000702a00000, 0x0000000702a00000|100%| O|  |TAMS 0x0000000702a00000, 0x0000000702a00000| Untracked 
|  18|0x0000000702a00000, 0x0000000702c00000, 0x0000000702c00000|100%| O|  |TAMS 0x0000000702c00000, 0x0000000702c00000| Untracked 
|  19|0x0000000702c00000, 0x0000000702e00000, 0x0000000702e00000|100%| O|  |TAMS 0x0000000702e00000, 0x0000000702e00000| Untracked 
|  20|0x0000000702e00000, 0x0000000702e00000, 0x0000000703000000|  0%| F|  |TAMS 0x0000000702e00000, 0x0000000702e00000| Untracked 
|  21|0x0000000703000000, 0x0000000703200000, 0x0000000703200000|100%| O|  |TAMS 0x0000000703000000, 0x0000000703200000| Untracked 
|  22|0x0000000703200000, 0x0000000703400000, 0x0000000703400000|100%| O|  |TAMS 0x0000000703400000, 0x0000000703400000| Untracked 
|  23|0x0000000703400000, 0x0000000703600000, 0x0000000703600000|100%| O|  |TAMS 0x0000000703600000, 0x0000000703600000| Untracked 
|  24|0x0000000703600000, 0x0000000703800000, 0x0000000703800000|100%| O|  |TAMS 0x0000000703800000, 0x0000000703800000| Untracked 
|  25|0x0000000703800000, 0x0000000703800000, 0x0000000703a00000|  0%| F|  |TAMS 0x0000000703800000, 0x0000000703800000| Untracked 
|  26|0x0000000703a00000, 0x0000000703a00000, 0x0000000703c00000|  0%| F|  |TAMS 0x0000000703a00000, 0x0000000703a00000| Untracked 
|  27|0x0000000703c00000, 0x0000000703c00000, 0x0000000703e00000|  0%| F|  |TAMS 0x0000000703c00000, 0x0000000703c00000| Untracked 
|  28|0x0000000703e00000, 0x0000000703e00000, 0x0000000704000000|  0%| F|  |TAMS 0x0000000703e00000, 0x0000000703e00000| Untracked 
|  29|0x0000000704000000, 0x0000000704000000, 0x0000000704200000|  0%| F|  |TAMS 0x0000000704000000, 0x0000000704000000| Untracked 
|  30|0x0000000704200000, 0x0000000704400000, 0x0000000704400000|100%| O|  |TAMS 0x0000000704400000, 0x0000000704400000| Untracked 
|  31|0x0000000704400000, 0x0000000704400000, 0x0000000704600000|  0%| F|  |TAMS 0x0000000704400000, 0x0000000704400000| Untracked 
|  32|0x0000000704600000, 0x0000000704800000, 0x0000000704800000|100%| O|  |TAMS 0x0000000704800000, 0x0000000704800000| Untracked 
|  33|0x0000000704800000, 0x0000000704a00000, 0x0000000704a00000|100%| O|  |TAMS 0x0000000704a00000, 0x0000000704a00000| Untracked 
|  34|0x0000000704a00000, 0x0000000704c00000, 0x0000000704c00000|100%| O|  |TAMS 0x0000000704c00000, 0x0000000704c00000| Untracked 
|  35|0x0000000704c00000, 0x0000000704e00000, 0x0000000704e00000|100%| O|  |TAMS 0x0000000704e00000, 0x0000000704e00000| Untracked 
|  36|0x0000000704e00000, 0x0000000705000000, 0x0000000705000000|100%| O|  |TAMS 0x0000000705000000, 0x0000000705000000| Untracked 
|  37|0x0000000705000000, 0x0000000705200000, 0x0000000705200000|100%| O|  |TAMS 0x0000000705200000, 0x0000000705200000| Untracked 
|  38|0x0000000705200000, 0x0000000705400000, 0x0000000705400000|100%| O|  |TAMS 0x0000000705400000, 0x0000000705400000| Untracked 
|  39|0x0000000705400000, 0x0000000705600000, 0x0000000705600000|100%| O|  |TAMS 0x0000000705600000, 0x0000000705600000| Untracked 
|  40|0x0000000705600000, 0x0000000705800000, 0x0000000705800000|100%| O|  |TAMS 0x0000000705800000, 0x0000000705800000| Untracked 
|  41|0x0000000705800000, 0x0000000705a00000, 0x0000000705a00000|100%| O|  |TAMS 0x0000000705a00000, 0x0000000705a00000| Untracked 
|  42|0x0000000705a00000, 0x0000000705c00000, 0x0000000705c00000|100%| O|  |TAMS 0x0000000705a00000, 0x0000000705c00000| Untracked 
|  43|0x0000000705c00000, 0x0000000705c00000, 0x0000000705e00000|  0%| F|  |TAMS 0x0000000705c00000, 0x0000000705c00000| Untracked 
|  44|0x0000000705e00000, 0x0000000706000000, 0x0000000706000000|100%| O|  |TAMS 0x0000000706000000, 0x0000000706000000| Untracked 
|  45|0x0000000706000000, 0x0000000706200000, 0x0000000706200000|100%| O|  |TAMS 0x0000000706000000, 0x0000000706200000| Untracked 
|  46|0x0000000706200000, 0x0000000706200000, 0x0000000706400000|  0%| F|  |TAMS 0x0000000706200000, 0x0000000706200000| Untracked 
|  47|0x0000000706400000, 0x0000000706600000, 0x0000000706600000|100%| O|  |TAMS 0x0000000706400000, 0x0000000706600000| Untracked 
|  48|0x0000000706600000, 0x0000000706800000, 0x0000000706800000|100%| O|  |TAMS 0x0000000706800000, 0x0000000706800000| Untracked 
|  49|0x0000000706800000, 0x0000000706800000, 0x0000000706a00000|  0%| F|  |TAMS 0x0000000706800000, 0x0000000706800000| Untracked 
|  50|0x0000000706a00000, 0x0000000706c00000, 0x0000000706c00000|100%| O|  |TAMS 0x0000000706a00000, 0x0000000706c00000| Untracked 
|  51|0x0000000706c00000, 0x0000000706e00000, 0x0000000706e00000|100%| O|  |TAMS 0x0000000706c00000, 0x0000000706e00000| Untracked 
|  52|0x0000000706e00000, 0x0000000706e00000, 0x0000000707000000|  0%| F|  |TAMS 0x0000000706e00000, 0x0000000706e00000| Untracked 
|  53|0x0000000707000000, 0x0000000707000000, 0x0000000707200000|  0%| F|  |TAMS 0x0000000707000000, 0x0000000707000000| Untracked 
|  54|0x0000000707200000, 0x0000000707400000, 0x0000000707400000|100%| O|  |TAMS 0x0000000707400000, 0x0000000707400000| Untracked 
|  55|0x0000000707400000, 0x0000000707600000, 0x0000000707600000|100%| O|  |TAMS 0x0000000707400000, 0x0000000707600000| Untracked 
|  56|0x0000000707600000, 0x0000000707800000, 0x0000000707800000|100%| O|  |TAMS 0x0000000707800000, 0x0000000707800000| Untracked 
|  57|0x0000000707800000, 0x0000000707a00000, 0x0000000707a00000|100%| O|  |TAMS 0x0000000707a00000, 0x0000000707a00000| Untracked 
|  58|0x0000000707a00000, 0x0000000707c00000, 0x0000000707c00000|100%| O|  |TAMS 0x0000000707c00000, 0x0000000707c00000| Untracked 
|  59|0x0000000707c00000, 0x0000000707e00000, 0x0000000707e00000|100%| O|  |TAMS 0x0000000707e00000, 0x0000000707e00000| Untracked 
|  60|0x0000000707e00000, 0x0000000708000000, 0x0000000708000000|100%| O|  |TAMS 0x0000000708000000, 0x0000000708000000| Untracked 
|  61|0x0000000708000000, 0x0000000708200000, 0x0000000708200000|100%| O|  |TAMS 0x0000000708000000, 0x0000000708200000| Untracked 
|  62|0x0000000708200000, 0x0000000708366200, 0x0000000708400000| 69%| O|  |TAMS 0x0000000708200000, 0x0000000708366200| Untracked 
|  63|0x0000000708400000, 0x0000000708400000, 0x0000000708600000|  0%| F|  |TAMS 0x0000000708400000, 0x0000000708400000| Untracked 
|  64|0x0000000708600000, 0x0000000708800000, 0x0000000708800000|100%| O|  |TAMS 0x0000000708800000, 0x0000000708800000| Untracked 
|  65|0x0000000708800000, 0x0000000708a00000, 0x0000000708a00000|100%| O|  |TAMS 0x0000000708a00000, 0x0000000708a00000| Untracked 
|  66|0x0000000708a00000, 0x0000000708c00000, 0x0000000708c00000|100%| O|  |TAMS 0x0000000708c00000, 0x0000000708c00000| Untracked 
|  67|0x0000000708c00000, 0x0000000708c00000, 0x0000000708e00000|  0%| F|  |TAMS 0x0000000708c00000, 0x0000000708c00000| Untracked 
|  68|0x0000000708e00000, 0x0000000708e00000, 0x0000000709000000|  0%| F|  |TAMS 0x0000000708e00000, 0x0000000708e00000| Untracked 
|  69|0x0000000709000000, 0x0000000709200000, 0x0000000709200000|100%| O|  |TAMS 0x0000000709200000, 0x0000000709200000| Untracked 
|  70|0x0000000709200000, 0x0000000709400000, 0x0000000709400000|100%| O|  |TAMS 0x0000000709400000, 0x0000000709400000| Untracked 
|  71|0x0000000709400000, 0x0000000709600000, 0x0000000709600000|100%| O|  |TAMS 0x0000000709600000, 0x0000000709600000| Untracked 
|  72|0x0000000709600000, 0x0000000709600000, 0x0000000709800000|  0%| F|  |TAMS 0x0000000709600000, 0x0000000709600000| Untracked 
|  73|0x0000000709800000, 0x0000000709a00000, 0x0000000709a00000|100%| O|  |TAMS 0x0000000709a00000, 0x0000000709a00000| Untracked 
|  74|0x0000000709a00000, 0x0000000709c00000, 0x0000000709c00000|100%| O|  |TAMS 0x0000000709c00000, 0x0000000709c00000| Untracked 
|  75|0x0000000709c00000, 0x0000000709e00000, 0x0000000709e00000|100%| O|  |TAMS 0x0000000709e00000, 0x0000000709e00000| Untracked 
|  76|0x0000000709e00000, 0x000000070a000000, 0x000000070a000000|100%| O|  |TAMS 0x000000070a000000, 0x000000070a000000| Untracked 
|  77|0x000000070a000000, 0x000000070a200000, 0x000000070a200000|100%| O|  |TAMS 0x000000070a200000, 0x000000070a200000| Untracked 
|  78|0x000000070a200000, 0x000000070a200000, 0x000000070a400000|  0%| F|  |TAMS 0x000000070a200000, 0x000000070a200000| Untracked 
|  79|0x000000070a400000, 0x000000070a600000, 0x000000070a600000|100%| O|  |TAMS 0x000000070a600000, 0x000000070a600000| Untracked 
|  80|0x000000070a600000, 0x000000070a800000, 0x000000070a800000|100%| O|  |TAMS 0x000000070a800000, 0x000000070a800000| Untracked 
|  81|0x000000070a800000, 0x000000070aa00000, 0x000000070aa00000|100%| O|  |TAMS 0x000000070aa00000, 0x000000070aa00000| Untracked 
|  82|0x000000070aa00000, 0x000000070ac00000, 0x000000070ac00000|100%| O|  |TAMS 0x000000070ac00000, 0x000000070ac00000| Untracked 
|  83|0x000000070ac00000, 0x000000070ae00000, 0x000000070ae00000|100%| O|  |TAMS 0x000000070ad12200, 0x000000070ae00000| Untracked 
|  84|0x000000070ae00000, 0x000000070ae00000, 0x000000070b000000|  0%| F|  |TAMS 0x000000070ae00000, 0x000000070ae00000| Untracked 
|  85|0x000000070b000000, 0x000000070b000000, 0x000000070b200000|  0%| F|  |TAMS 0x000000070b000000, 0x000000070b000000| Untracked 
|  86|0x000000070b200000, 0x000000070b200000, 0x000000070b400000|  0%| F|  |TAMS 0x000000070b200000, 0x000000070b200000| Untracked 
|  87|0x000000070b400000, 0x000000070b400000, 0x000000070b600000|  0%| F|  |TAMS 0x000000070b400000, 0x000000070b400000| Untracked 
|  88|0x000000070b600000, 0x000000070b800000, 0x000000070b800000|100%| O|  |TAMS 0x000000070b800000, 0x000000070b800000| Untracked 
|  89|0x000000070b800000, 0x000000070ba00000, 0x000000070ba00000|100%| O|  |TAMS 0x000000070ba00000, 0x000000070ba00000| Untracked 
|  90|0x000000070ba00000, 0x000000070bc00000, 0x000000070bc00000|100%| O|  |TAMS 0x000000070bc00000, 0x000000070bc00000| Untracked 
|  91|0x000000070bc00000, 0x000000070be00000, 0x000000070be00000|100%| O|  |TAMS 0x000000070be00000, 0x000000070be00000| Untracked 
|  92|0x000000070be00000, 0x000000070c000000, 0x000000070c000000|100%| O|  |TAMS 0x000000070c000000, 0x000000070c000000| Untracked 
|  93|0x000000070c000000, 0x000000070c200000, 0x000000070c200000|100%| O|  |TAMS 0x000000070c200000, 0x000000070c200000| Untracked 
|  94|0x000000070c200000, 0x000000070c400000, 0x000000070c400000|100%| O|  |TAMS 0x000000070c400000, 0x000000070c400000| Untracked 
|  95|0x000000070c400000, 0x000000070c600000, 0x000000070c600000|100%| O|  |TAMS 0x000000070c600000, 0x000000070c600000| Untracked 
|  96|0x000000070c600000, 0x000000070c600000, 0x000000070c800000|  0%| F|  |TAMS 0x000000070c600000, 0x000000070c600000| Untracked 
|  97|0x000000070c800000, 0x000000070c800000, 0x000000070ca00000|  0%| F|  |TAMS 0x000000070c800000, 0x000000070c800000| Untracked 
|  98|0x000000070ca00000, 0x000000070ca00000, 0x000000070cc00000|  0%| F|  |TAMS 0x000000070ca00000, 0x000000070ca00000| Untracked 
|  99|0x000000070cc00000, 0x000000070cc00000, 0x000000070ce00000|  0%| F|  |TAMS 0x000000070cc00000, 0x000000070cc00000| Untracked 
| 100|0x000000070ce00000, 0x000000070ce00000, 0x000000070d000000|  0%| F|  |TAMS 0x000000070ce00000, 0x000000070ce00000| Untracked 
| 101|0x000000070d000000, 0x000000070d000000, 0x000000070d200000|  0%| F|  |TAMS 0x000000070d000000, 0x000000070d000000| Untracked 
| 102|0x000000070d200000, 0x000000070d200000, 0x000000070d400000|  0%| F|  |TAMS 0x000000070d200000, 0x000000070d200000| Untracked 
| 103|0x000000070d400000, 0x000000070d400000, 0x000000070d600000|  0%| F|  |TAMS 0x000000070d400000, 0x000000070d400000| Untracked 
| 104|0x000000070d600000, 0x000000070d600000, 0x000000070d800000|  0%| F|  |TAMS 0x000000070d600000, 0x000000070d600000| Untracked 
| 105|0x000000070d800000, 0x000000070d800000, 0x000000070da00000|  0%| F|  |TAMS 0x000000070d800000, 0x000000070d800000| Untracked 
| 106|0x000000070da00000, 0x000000070da00000, 0x000000070dc00000|  0%| F|  |TAMS 0x000000070da00000, 0x000000070da00000| Untracked 
| 107|0x000000070dc00000, 0x000000070dc00000, 0x000000070de00000|  0%| F|  |TAMS 0x000000070dc00000, 0x000000070dc00000| Untracked 
| 108|0x000000070de00000, 0x000000070de00000, 0x000000070e000000|  0%| F|  |TAMS 0x000000070de00000, 0x000000070de00000| Untracked 
| 109|0x000000070e000000, 0x000000070e000000, 0x000000070e200000|  0%| F|  |TAMS 0x000000070e000000, 0x000000070e000000| Untracked 
| 110|0x000000070e200000, 0x000000070e200000, 0x000000070e400000|  0%| F|  |TAMS 0x000000070e200000, 0x000000070e200000| Untracked 
| 111|0x000000070e400000, 0x000000070e400000, 0x000000070e600000|  0%| F|  |TAMS 0x000000070e400000, 0x000000070e400000| Untracked 
| 112|0x000000070e600000, 0x000000070e600000, 0x000000070e800000|  0%| F|  |TAMS 0x000000070e600000, 0x000000070e600000| Untracked 
| 113|0x000000070e800000, 0x000000070e800000, 0x000000070ea00000|  0%| F|  |TAMS 0x000000070e800000, 0x000000070e800000| Untracked 
| 114|0x000000070ea00000, 0x000000070ea1bb20, 0x000000070ec00000|  5%| S|CS|TAMS 0x000000070ea00000, 0x000000070ea00000| Complete 
| 115|0x000000070ec00000, 0x000000070ee00000, 0x000000070ee00000|100%| S|CS|TAMS 0x000000070ec00000, 0x000000070ec00000| Complete 
| 116|0x000000070ee00000, 0x000000070f000000, 0x000000070f000000|100%| S|CS|TAMS 0x000000070ee00000, 0x000000070ee00000| Complete 
| 117|0x000000070f000000, 0x000000070f200000, 0x000000070f200000|100%| S|CS|TAMS 0x000000070f000000, 0x000000070f000000| Complete 
| 118|0x000000070f200000, 0x000000070f400000, 0x000000070f400000|100%| S|CS|TAMS 0x000000070f200000, 0x000000070f200000| Complete 
| 119|0x000000070f400000, 0x000000070f600000, 0x000000070f600000|100%| S|CS|TAMS 0x000000070f400000, 0x000000070f400000| Complete 
| 120|0x000000070f600000, 0x000000070f800000, 0x000000070f800000|100%| S|CS|TAMS 0x000000070f600000, 0x000000070f600000| Complete 
| 121|0x000000070f800000, 0x000000070fa00000, 0x000000070fa00000|100%| S|CS|TAMS 0x000000070f800000, 0x000000070f800000| Complete 
| 122|0x000000070fa00000, 0x000000070fc00000, 0x000000070fc00000|100%| S|CS|TAMS 0x000000070fa00000, 0x000000070fa00000| Complete 
| 123|0x000000070fc00000, 0x000000070fe00000, 0x000000070fe00000|100%| S|CS|TAMS 0x000000070fc00000, 0x000000070fc00000| Complete 
| 124|0x000000070fe00000, 0x0000000710000000, 0x0000000710000000|100%| S|CS|TAMS 0x000000070fe00000, 0x000000070fe00000| Complete 
| 125|0x0000000710000000, 0x0000000710200000, 0x0000000710200000|100%| S|CS|TAMS 0x0000000710000000, 0x0000000710000000| Complete 
| 126|0x0000000710200000, 0x0000000710400000, 0x0000000710400000|100%| S|CS|TAMS 0x0000000710200000, 0x0000000710200000| Complete 
| 127|0x0000000710400000, 0x0000000710600000, 0x0000000710600000|100%| S|CS|TAMS 0x0000000710400000, 0x0000000710400000| Complete 
| 128|0x0000000710600000, 0x0000000710800000, 0x0000000710800000|100%| S|CS|TAMS 0x0000000710600000, 0x0000000710600000| Complete 
| 129|0x0000000710800000, 0x0000000710800000, 0x0000000710a00000|  0%| F|  |TAMS 0x0000000710800000, 0x0000000710800000| Untracked 
| 130|0x0000000710a00000, 0x0000000710c00000, 0x0000000710c00000|100%| O|  |TAMS 0x0000000710c00000, 0x0000000710c00000| Untracked 
| 131|0x0000000710c00000, 0x0000000710c00000, 0x0000000710e00000|  0%| F|  |TAMS 0x0000000710c00000, 0x0000000710c00000| Untracked 
| 132|0x0000000710e00000, 0x0000000710e00000, 0x0000000711000000|  0%| F|  |TAMS 0x0000000710e00000, 0x0000000710e00000| Untracked 
| 133|0x0000000711000000, 0x0000000711000000, 0x0000000711200000|  0%| F|  |TAMS 0x0000000711000000, 0x0000000711000000| Untracked 
| 134|0x0000000711200000, 0x0000000711200000, 0x0000000711400000|  0%| F|  |TAMS 0x0000000711200000, 0x0000000711200000| Untracked 
| 135|0x0000000711400000, 0x0000000711400000, 0x0000000711600000|  0%| F|  |TAMS 0x0000000711400000, 0x0000000711400000| Untracked 
| 136|0x0000000711600000, 0x0000000711600000, 0x0000000711800000|  0%| F|  |TAMS 0x0000000711600000, 0x0000000711600000| Untracked 
| 137|0x0000000711800000, 0x0000000711800000, 0x0000000711a00000|  0%| F|  |TAMS 0x0000000711800000, 0x0000000711800000| Untracked 
| 138|0x0000000711a00000, 0x0000000711a00000, 0x0000000711c00000|  0%| F|  |TAMS 0x0000000711a00000, 0x0000000711a00000| Untracked 
| 139|0x0000000711c00000, 0x0000000711c00000, 0x0000000711e00000|  0%| F|  |TAMS 0x0000000711c00000, 0x0000000711c00000| Untracked 
| 140|0x0000000711e00000, 0x0000000711e00000, 0x0000000712000000|  0%| F|  |TAMS 0x0000000711e00000, 0x0000000711e00000| Untracked 
| 141|0x0000000712000000, 0x0000000712000000, 0x0000000712200000|  0%| F|  |TAMS 0x0000000712000000, 0x0000000712000000| Untracked 
| 142|0x0000000712200000, 0x0000000712200000, 0x0000000712400000|  0%| F|  |TAMS 0x0000000712200000, 0x0000000712200000| Untracked 
| 143|0x0000000712400000, 0x0000000712400000, 0x0000000712600000|  0%| F|  |TAMS 0x0000000712400000, 0x0000000712400000| Untracked 
| 144|0x0000000712600000, 0x0000000712600000, 0x0000000712800000|  0%| F|  |TAMS 0x0000000712600000, 0x0000000712600000| Untracked 
| 145|0x0000000712800000, 0x0000000712800000, 0x0000000712a00000|  0%| F|  |TAMS 0x0000000712800000, 0x0000000712800000| Untracked 
| 146|0x0000000712a00000, 0x0000000712a00000, 0x0000000712c00000|  0%| F|  |TAMS 0x0000000712a00000, 0x0000000712a00000| Untracked 
| 147|0x0000000712c00000, 0x0000000712c00000, 0x0000000712e00000|  0%| F|  |TAMS 0x0000000712c00000, 0x0000000712c00000| Untracked 
| 148|0x0000000712e00000, 0x0000000712e00000, 0x0000000713000000|  0%| F|  |TAMS 0x0000000712e00000, 0x0000000712e00000| Untracked 
| 149|0x0000000713000000, 0x0000000713200000, 0x0000000713200000|100%| O|  |TAMS 0x0000000713200000, 0x0000000713200000| Untracked 
| 150|0x0000000713200000, 0x0000000713200000, 0x0000000713400000|  0%| F|  |TAMS 0x0000000713200000, 0x0000000713200000| Untracked 
| 151|0x0000000713400000, 0x0000000713400000, 0x0000000713600000|  0%| F|  |TAMS 0x0000000713400000, 0x0000000713400000| Untracked 
| 152|0x0000000713600000, 0x0000000713600000, 0x0000000713800000|  0%| F|  |TAMS 0x0000000713600000, 0x0000000713600000| Untracked 
| 153|0x0000000713800000, 0x0000000713800000, 0x0000000713a00000|  0%| F|  |TAMS 0x0000000713800000, 0x0000000713800000| Untracked 
| 154|0x0000000713a00000, 0x0000000713a00000, 0x0000000713c00000|  0%| F|  |TAMS 0x0000000713a00000, 0x0000000713a00000| Untracked 
| 155|0x0000000713c00000, 0x0000000713c00000, 0x0000000713e00000|  0%| F|  |TAMS 0x0000000713c00000, 0x0000000713c00000| Untracked 
| 156|0x0000000713e00000, 0x0000000713e00000, 0x0000000714000000|  0%| F|  |TAMS 0x0000000713e00000, 0x0000000713e00000| Untracked 
| 157|0x0000000714000000, 0x0000000714000000, 0x0000000714200000|  0%| F|  |TAMS 0x0000000714000000, 0x0000000714000000| Untracked 
| 158|0x0000000714200000, 0x0000000714200000, 0x0000000714400000|  0%| F|  |TAMS 0x0000000714200000, 0x0000000714200000| Untracked 
| 159|0x0000000714400000, 0x0000000714400000, 0x0000000714600000|  0%| F|  |TAMS 0x0000000714400000, 0x0000000714400000| Untracked 
| 160|0x0000000714600000, 0x0000000714600000, 0x0000000714800000|  0%| F|  |TAMS 0x0000000714600000, 0x0000000714600000| Untracked 
| 161|0x0000000714800000, 0x0000000714800000, 0x0000000714a00000|  0%| F|  |TAMS 0x0000000714800000, 0x0000000714800000| Untracked 
| 162|0x0000000714a00000, 0x0000000714a00000, 0x0000000714c00000|  0%| F|  |TAMS 0x0000000714a00000, 0x0000000714a00000| Untracked 
| 163|0x0000000714c00000, 0x0000000714c00000, 0x0000000714e00000|  0%| F|  |TAMS 0x0000000714c00000, 0x0000000714c00000| Untracked 
| 164|0x0000000714e00000, 0x0000000714e00000, 0x0000000715000000|  0%| F|  |TAMS 0x0000000714e00000, 0x0000000714e00000| Untracked 
| 165|0x0000000715000000, 0x0000000715000000, 0x0000000715200000|  0%| F|  |TAMS 0x0000000715000000, 0x0000000715000000| Untracked 
| 166|0x0000000715200000, 0x0000000715400000, 0x0000000715400000|100%| O|  |TAMS 0x0000000715400000, 0x0000000715400000| Untracked 
| 167|0x0000000715400000, 0x0000000715400000, 0x0000000715600000|  0%| F|  |TAMS 0x0000000715400000, 0x0000000715400000| Untracked 
| 168|0x0000000715600000, 0x0000000715600000, 0x0000000715800000|  0%| F|  |TAMS 0x0000000715600000, 0x0000000715600000| Untracked 
| 169|0x0000000715800000, 0x0000000715800000, 0x0000000715a00000|  0%| F|  |TAMS 0x0000000715800000, 0x0000000715800000| Untracked 
| 170|0x0000000715a00000, 0x0000000715a00000, 0x0000000715c00000|  0%| F|  |TAMS 0x0000000715a00000, 0x0000000715a00000| Untracked 
| 171|0x0000000715c00000, 0x0000000715c00000, 0x0000000715e00000|  0%| F|  |TAMS 0x0000000715c00000, 0x0000000715c00000| Untracked 
| 172|0x0000000715e00000, 0x0000000715e00000, 0x0000000716000000|  0%| F|  |TAMS 0x0000000715e00000, 0x0000000715e00000| Untracked 
| 173|0x0000000716000000, 0x0000000716000000, 0x0000000716200000|  0%| F|  |TAMS 0x0000000716000000, 0x0000000716000000| Untracked 
| 174|0x0000000716200000, 0x0000000716200000, 0x0000000716400000|  0%| F|  |TAMS 0x0000000716200000, 0x0000000716200000| Untracked 
| 175|0x0000000716400000, 0x0000000716400000, 0x0000000716600000|  0%| F|  |TAMS 0x0000000716400000, 0x0000000716400000| Untracked 
| 176|0x0000000716600000, 0x0000000716600000, 0x0000000716800000|  0%| F|  |TAMS 0x0000000716600000, 0x0000000716600000| Untracked 
| 177|0x0000000716800000, 0x0000000716800000, 0x0000000716a00000|  0%| F|  |TAMS 0x0000000716800000, 0x0000000716800000| Untracked 
| 178|0x0000000716a00000, 0x0000000716a00000, 0x0000000716c00000|  0%| F|  |TAMS 0x0000000716a00000, 0x0000000716a00000| Untracked 
| 179|0x0000000716c00000, 0x0000000716c00000, 0x0000000716e00000|  0%| F|  |TAMS 0x0000000716c00000, 0x0000000716c00000| Untracked 
| 180|0x0000000716e00000, 0x0000000716e00000, 0x0000000717000000|  0%| F|  |TAMS 0x0000000716e00000, 0x0000000716e00000| Untracked 
| 181|0x0000000717000000, 0x0000000717000000, 0x0000000717200000|  0%| F|  |TAMS 0x0000000717000000, 0x0000000717000000| Untracked 
| 182|0x0000000717200000, 0x0000000717200000, 0x0000000717400000|  0%| F|  |TAMS 0x0000000717200000, 0x0000000717200000| Untracked 
| 183|0x0000000717400000, 0x0000000717400000, 0x0000000717600000|  0%| F|  |TAMS 0x0000000717400000, 0x0000000717400000| Untracked 
| 184|0x0000000717600000, 0x0000000717600000, 0x0000000717800000|  0%| F|  |TAMS 0x0000000717600000, 0x0000000717600000| Untracked 
| 185|0x0000000717800000, 0x0000000717800000, 0x0000000717a00000|  0%| F|  |TAMS 0x0000000717800000, 0x0000000717800000| Untracked 
| 186|0x0000000717a00000, 0x0000000717a00000, 0x0000000717c00000|  0%| F|  |TAMS 0x0000000717a00000, 0x0000000717a00000| Untracked 
| 187|0x0000000717c00000, 0x0000000717c00000, 0x0000000717e00000|  0%| F|  |TAMS 0x0000000717c00000, 0x0000000717c00000| Untracked 
| 188|0x0000000717e00000, 0x0000000717e00000, 0x0000000718000000|  0%| F|  |TAMS 0x0000000717e00000, 0x0000000717e00000| Untracked 
| 189|0x0000000718000000, 0x0000000718000000, 0x0000000718200000|  0%| F|  |TAMS 0x0000000718000000, 0x0000000718000000| Untracked 
| 190|0x0000000718200000, 0x0000000718200000, 0x0000000718400000|  0%| F|  |TAMS 0x0000000718200000, 0x0000000718200000| Untracked 
| 191|0x0000000718400000, 0x0000000718400000, 0x0000000718600000|  0%| F|  |TAMS 0x0000000718400000, 0x0000000718400000| Untracked 
| 192|0x0000000718600000, 0x0000000718600000, 0x0000000718800000|  0%| F|  |TAMS 0x0000000718600000, 0x0000000718600000| Untracked 
| 193|0x0000000718800000, 0x0000000718800000, 0x0000000718a00000|  0%| F|  |TAMS 0x0000000718800000, 0x0000000718800000| Untracked 
| 194|0x0000000718a00000, 0x0000000718a00000, 0x0000000718c00000|  0%| F|  |TAMS 0x0000000718a00000, 0x0000000718a00000| Untracked 
| 195|0x0000000718c00000, 0x0000000718c00000, 0x0000000718e00000|  0%| F|  |TAMS 0x0000000718c00000, 0x0000000718c00000| Untracked 
| 196|0x0000000718e00000, 0x0000000718e00000, 0x0000000719000000|  0%| F|  |TAMS 0x0000000718e00000, 0x0000000718e00000| Untracked 
| 197|0x0000000719000000, 0x0000000719000000, 0x0000000719200000|  0%| F|  |TAMS 0x0000000719000000, 0x0000000719000000| Untracked 
| 198|0x0000000719200000, 0x0000000719200000, 0x0000000719400000|  0%| F|  |TAMS 0x0000000719200000, 0x0000000719200000| Untracked 
| 199|0x0000000719400000, 0x0000000719400000, 0x0000000719600000|  0%| F|  |TAMS 0x0000000719400000, 0x0000000719400000| Untracked 
| 200|0x0000000719600000, 0x0000000719600000, 0x0000000719800000|  0%| F|  |TAMS 0x0000000719600000, 0x0000000719600000| Untracked 
| 201|0x0000000719800000, 0x0000000719800000, 0x0000000719a00000|  0%| F|  |TAMS 0x0000000719800000, 0x0000000719800000| Untracked 
| 202|0x0000000719a00000, 0x0000000719a00000, 0x0000000719c00000|  0%| F|  |TAMS 0x0000000719a00000, 0x0000000719a00000| Untracked 
| 203|0x0000000719c00000, 0x0000000719c00000, 0x0000000719e00000|  0%| F|  |TAMS 0x0000000719c00000, 0x0000000719c00000| Untracked 
| 204|0x0000000719e00000, 0x0000000719e00000, 0x000000071a000000|  0%| F|  |TAMS 0x0000000719e00000, 0x0000000719e00000| Untracked 
| 205|0x000000071a000000, 0x000000071a000000, 0x000000071a200000|  0%| F|  |TAMS 0x000000071a000000, 0x000000071a000000| Untracked 
| 206|0x000000071a200000, 0x000000071a200000, 0x000000071a400000|  0%| F|  |TAMS 0x000000071a200000, 0x000000071a200000| Untracked 
| 207|0x000000071a400000, 0x000000071a400000, 0x000000071a600000|  0%| F|  |TAMS 0x000000071a400000, 0x000000071a400000| Untracked 
| 208|0x000000071a600000, 0x000000071a600000, 0x000000071a800000|  0%| F|  |TAMS 0x000000071a600000, 0x000000071a600000| Untracked 
| 209|0x000000071a800000, 0x000000071a800000, 0x000000071aa00000|  0%| F|  |TAMS 0x000000071a800000, 0x000000071a800000| Untracked 
| 210|0x000000071aa00000, 0x000000071aa00000, 0x000000071ac00000|  0%| F|  |TAMS 0x000000071aa00000, 0x000000071aa00000| Untracked 
| 211|0x000000071ac00000, 0x000000071ac00000, 0x000000071ae00000|  0%| F|  |TAMS 0x000000071ac00000, 0x000000071ac00000| Untracked 
| 212|0x000000071ae00000, 0x000000071ae00000, 0x000000071b000000|  0%| F|  |TAMS 0x000000071ae00000, 0x000000071ae00000| Untracked 
| 213|0x000000071b000000, 0x000000071b000000, 0x000000071b200000|  0%| F|  |TAMS 0x000000071b000000, 0x000000071b000000| Untracked 
| 214|0x000000071b200000, 0x000000071b200000, 0x000000071b400000|  0%| F|  |TAMS 0x000000071b200000, 0x000000071b200000| Untracked 
| 215|0x000000071b400000, 0x000000071b400000, 0x000000071b600000|  0%| F|  |TAMS 0x000000071b400000, 0x000000071b400000| Untracked 
| 216|0x000000071b600000, 0x000000071b600000, 0x000000071b800000|  0%| F|  |TAMS 0x000000071b600000, 0x000000071b600000| Untracked 
| 217|0x000000071b800000, 0x000000071b800000, 0x000000071ba00000|  0%| F|  |TAMS 0x000000071b800000, 0x000000071b800000| Untracked 
| 218|0x000000071ba00000, 0x000000071ba00000, 0x000000071bc00000|  0%| F|  |TAMS 0x000000071ba00000, 0x000000071ba00000| Untracked 
| 219|0x000000071bc00000, 0x000000071bc00000, 0x000000071be00000|  0%| F|  |TAMS 0x000000071bc00000, 0x000000071bc00000| Untracked 
| 220|0x000000071be00000, 0x000000071be00000, 0x000000071c000000|  0%| F|  |TAMS 0x000000071be00000, 0x000000071be00000| Untracked 
| 221|0x000000071c000000, 0x000000071c000000, 0x000000071c200000|  0%| F|  |TAMS 0x000000071c000000, 0x000000071c000000| Untracked 
| 222|0x000000071c200000, 0x000000071c200000, 0x000000071c400000|  0%| F|  |TAMS 0x000000071c200000, 0x000000071c200000| Untracked 
| 223|0x000000071c400000, 0x000000071c400000, 0x000000071c600000|  0%| F|  |TAMS 0x000000071c400000, 0x000000071c400000| Untracked 
| 224|0x000000071c600000, 0x000000071c600000, 0x000000071c800000|  0%| F|  |TAMS 0x000000071c600000, 0x000000071c600000| Untracked 
| 225|0x000000071c800000, 0x000000071c800000, 0x000000071ca00000|  0%| F|  |TAMS 0x000000071c800000, 0x000000071c800000| Untracked 
| 226|0x000000071ca00000, 0x000000071ca00000, 0x000000071cc00000|  0%| F|  |TAMS 0x000000071ca00000, 0x000000071ca00000| Untracked 
| 227|0x000000071cc00000, 0x000000071cc00000, 0x000000071ce00000|  0%| F|  |TAMS 0x000000071cc00000, 0x000000071cc00000| Untracked 
| 228|0x000000071ce00000, 0x000000071ce00000, 0x000000071d000000|  0%| F|  |TAMS 0x000000071ce00000, 0x000000071ce00000| Untracked 
| 229|0x000000071d000000, 0x000000071d000000, 0x000000071d200000|  0%| F|  |TAMS 0x000000071d000000, 0x000000071d000000| Untracked 
| 230|0x000000071d200000, 0x000000071d200000, 0x000000071d400000|  0%| F|  |TAMS 0x000000071d200000, 0x000000071d200000| Untracked 
| 231|0x000000071d400000, 0x000000071d400000, 0x000000071d600000|  0%| F|  |TAMS 0x000000071d400000, 0x000000071d400000| Untracked 
| 232|0x000000071d600000, 0x000000071d600000, 0x000000071d800000|  0%| F|  |TAMS 0x000000071d600000, 0x000000071d600000| Untracked 
| 233|0x000000071d800000, 0x000000071d800000, 0x000000071da00000|  0%| F|  |TAMS 0x000000071d800000, 0x000000071d800000| Untracked 
| 234|0x000000071da00000, 0x000000071da00000, 0x000000071dc00000|  0%| F|  |TAMS 0x000000071da00000, 0x000000071da00000| Untracked 
| 235|0x000000071dc00000, 0x000000071dc00000, 0x000000071de00000|  0%| F|  |TAMS 0x000000071dc00000, 0x000000071dc00000| Untracked 
| 236|0x000000071de00000, 0x000000071de00000, 0x000000071e000000|  0%| F|  |TAMS 0x000000071de00000, 0x000000071de00000| Untracked 
| 237|0x000000071e000000, 0x000000071e000000, 0x000000071e200000|  0%| F|  |TAMS 0x000000071e000000, 0x000000071e000000| Untracked 
| 238|0x000000071e200000, 0x000000071e200000, 0x000000071e400000|  0%| F|  |TAMS 0x000000071e200000, 0x000000071e200000| Untracked 
| 239|0x000000071e400000, 0x000000071e400000, 0x000000071e600000|  0%| F|  |TAMS 0x000000071e400000, 0x000000071e400000| Untracked 
| 240|0x000000071e600000, 0x000000071e600000, 0x000000071e800000|  0%| F|  |TAMS 0x000000071e600000, 0x000000071e600000| Untracked 
| 241|0x000000071e800000, 0x000000071e800000, 0x000000071ea00000|  0%| F|  |TAMS 0x000000071e800000, 0x000000071e800000| Untracked 
| 242|0x000000071ea00000, 0x000000071ea00000, 0x000000071ec00000|  0%| F|  |TAMS 0x000000071ea00000, 0x000000071ea00000| Untracked 
| 243|0x000000071ec00000, 0x000000071ec00000, 0x000000071ee00000|  0%| F|  |TAMS 0x000000071ec00000, 0x000000071ec00000| Untracked 
| 244|0x000000071ee00000, 0x000000071ee00000, 0x000000071f000000|  0%| F|  |TAMS 0x000000071ee00000, 0x000000071ee00000| Untracked 
| 245|0x000000071f000000, 0x000000071f000000, 0x000000071f200000|  0%| F|  |TAMS 0x000000071f000000, 0x000000071f000000| Untracked 
| 246|0x000000071f200000, 0x000000071f200000, 0x000000071f400000|  0%| F|  |TAMS 0x000000071f200000, 0x000000071f200000| Untracked 
| 247|0x000000071f400000, 0x000000071f400000, 0x000000071f600000|  0%| F|  |TAMS 0x000000071f400000, 0x000000071f400000| Untracked 
| 248|0x000000071f600000, 0x000000071f600000, 0x000000071f800000|  0%| F|  |TAMS 0x000000071f600000, 0x000000071f600000| Untracked 
| 249|0x000000071f800000, 0x000000071f800000, 0x000000071fa00000|  0%| F|  |TAMS 0x000000071f800000, 0x000000071f800000| Untracked 
| 250|0x000000071fa00000, 0x000000071fa00000, 0x000000071fc00000|  0%| F|  |TAMS 0x000000071fa00000, 0x000000071fa00000| Untracked 
| 251|0x000000071fc00000, 0x000000071fc00000, 0x000000071fe00000|  0%| F|  |TAMS 0x000000071fc00000, 0x000000071fc00000| Untracked 
| 252|0x000000071fe00000, 0x000000071fe00000, 0x0000000720000000|  0%| F|  |TAMS 0x000000071fe00000, 0x000000071fe00000| Untracked 
| 253|0x0000000720000000, 0x0000000720000000, 0x0000000720200000|  0%| F|  |TAMS 0x0000000720000000, 0x0000000720000000| Untracked 
| 254|0x0000000720200000, 0x0000000720200000, 0x0000000720400000|  0%| F|  |TAMS 0x0000000720200000, 0x0000000720200000| Untracked 
| 255|0x0000000720400000, 0x0000000720400000, 0x0000000720600000|  0%| F|  |TAMS 0x0000000720400000, 0x0000000720400000| Untracked 
| 256|0x0000000720600000, 0x0000000720600000, 0x0000000720800000|  0%| F|  |TAMS 0x0000000720600000, 0x0000000720600000| Untracked 
| 257|0x0000000720800000, 0x0000000720800000, 0x0000000720a00000|  0%| F|  |TAMS 0x0000000720800000, 0x0000000720800000| Untracked 
| 258|0x0000000720a00000, 0x0000000720a00000, 0x0000000720c00000|  0%| F|  |TAMS 0x0000000720a00000, 0x0000000720a00000| Untracked 
| 259|0x0000000720c00000, 0x0000000720c00000, 0x0000000720e00000|  0%| F|  |TAMS 0x0000000720c00000, 0x0000000720c00000| Untracked 
| 260|0x0000000720e00000, 0x0000000720e00000, 0x0000000721000000|  0%| F|  |TAMS 0x0000000720e00000, 0x0000000720e00000| Untracked 
| 261|0x0000000721000000, 0x0000000721000000, 0x0000000721200000|  0%| F|  |TAMS 0x0000000721000000, 0x0000000721000000| Untracked 
| 262|0x0000000721200000, 0x0000000721200000, 0x0000000721400000|  0%| F|  |TAMS 0x0000000721200000, 0x0000000721200000| Untracked 
| 263|0x0000000721400000, 0x0000000721400000, 0x0000000721600000|  0%| F|  |TAMS 0x0000000721400000, 0x0000000721400000| Untracked 
| 264|0x0000000721600000, 0x0000000721600000, 0x0000000721800000|  0%| F|  |TAMS 0x0000000721600000, 0x0000000721600000| Untracked 
| 265|0x0000000721800000, 0x0000000721800000, 0x0000000721a00000|  0%| F|  |TAMS 0x0000000721800000, 0x0000000721800000| Untracked 
| 266|0x0000000721a00000, 0x0000000721a00000, 0x0000000721c00000|  0%| F|  |TAMS 0x0000000721a00000, 0x0000000721a00000| Untracked 
| 267|0x0000000721c00000, 0x0000000721c00000, 0x0000000721e00000|  0%| F|  |TAMS 0x0000000721c00000, 0x0000000721c00000| Untracked 
| 268|0x0000000721e00000, 0x0000000721e00000, 0x0000000722000000|  0%| F|  |TAMS 0x0000000721e00000, 0x0000000721e00000| Untracked 
| 269|0x0000000722000000, 0x0000000722000000, 0x0000000722200000|  0%| F|  |TAMS 0x0000000722000000, 0x0000000722000000| Untracked 
| 270|0x0000000722200000, 0x0000000722200000, 0x0000000722400000|  0%| F|  |TAMS 0x0000000722200000, 0x0000000722200000| Untracked 
| 271|0x0000000722400000, 0x0000000722400000, 0x0000000722600000|  0%| F|  |TAMS 0x0000000722400000, 0x0000000722400000| Untracked 
| 272|0x0000000722600000, 0x0000000722600000, 0x0000000722800000|  0%| F|  |TAMS 0x0000000722600000, 0x0000000722600000| Untracked 
| 273|0x0000000722800000, 0x0000000722800000, 0x0000000722a00000|  0%| F|  |TAMS 0x0000000722800000, 0x0000000722800000| Untracked 
|2039|0x00000007ff400000, 0x00000007ff400000, 0x00000007ff600000|  0%| F|  |TAMS 0x00000007ff400000, 0x00000007ff400000| Untracked 
|2040|0x00000007ff600000, 0x00000007ff600000, 0x00000007ff800000|  0%| F|  |TAMS 0x00000007ff600000, 0x00000007ff600000| Untracked 
|2041|0x00000007ff800000, 0x00000007ff800000, 0x00000007ffa00000|  0%| F|  |TAMS 0x00000007ff800000, 0x00000007ff800000| Untracked 
|2042|0x00000007ffa00000, 0x00000007ffa00000, 0x00000007ffc00000|  0%| F|  |TAMS 0x00000007ffa00000, 0x00000007ffa00000| Untracked 
|2043|0x00000007ffc00000, 0x00000007ffc00000, 0x00000007ffe00000|  0%| F|  |TAMS 0x00000007ffc00000, 0x00000007ffc00000| Untracked 
|2044|0x00000007ffe00000, 0x00000007ffe00000, 0x0000000800000000|  0%| F|  |TAMS 0x00000007ffe00000, 0x00000007ffe00000| Untracked 

Card table byte_map: [0x00000260da7a0000,0x00000260dafa0000] _byte_map_base: 0x00000260d6f9d000

Marking Bits (Prev, Next): (CMBitMap*) 0x00000260c3159a70, (CMBitMap*) 0x00000260c3159ab0
 Prev Bits: [0x00000260db7a0000, 0x00000260df788000)
 Next Bits: [0x00000260df790000, 0x00000260e3778000)

Polling page: 0x00000260c0f70000

Metaspace:

Usage:
  Non-class:     80.90 MB used.
      Class:     12.30 MB used.
       Both:     93.19 MB used.

Virtual space:
  Non-class space:      128.00 MB reserved,      81.25 MB ( 63%) committed,  2 nodes.
      Class space:        1.00 GB reserved,      12.69 MB (  1%) committed,  1 nodes.
             Both:        1.12 GB reserved,      93.94 MB (  8%) committed. 

Chunk freelists:
   Non-Class:  14.77 MB
       Class:  3.35 MB
        Both:  18.12 MB

MaxMetaspaceSize: unlimited
CompressedClassSpaceSize: 1.00 GB
Initial GC threshold: 21.00 MB
Current GC threshold: 156.25 MB
CDS: on
MetaspaceReclaimPolicy: balanced
 - commit_granule_bytes: 65536.
 - commit_granule_words: 8192.
 - virtual_space_node_default_size: 8388608.
 - enlarge_chunks_in_place: 1.
 - new_chunks_are_fully_committed: 0.
 - uncommit_free_chunks: 1.
 - use_allocation_guard: 0.
 - handle_deallocations: 1.


Internal statistics:

num_allocs_failed_limit: 12.
num_arena_births: 1290.
num_arena_deaths: 230.
num_vsnodes_births: 3.
num_vsnodes_deaths: 0.
num_space_committed: 1503.
num_space_uncommitted: 0.
num_chunks_returned_to_freelist: 314.
num_chunks_taken_from_freelist: 5062.
num_chunk_merges: 125.
num_chunk_splits: 3466.
num_chunks_enlarged: 2527.
num_inconsistent_stats: 0.

CodeHeap 'non-profiled nmethods': size=120000Kb used=10409Kb max_used=11148Kb free=109590Kb
 bounds [0x00000260d2740000, 0x00000260d3230000, 0x00000260d9c70000]
CodeHeap 'profiled nmethods': size=120000Kb used=20428Kb max_used=20820Kb free=99571Kb
 bounds [0x00000260cac70000, 0x00000260cc0d0000, 0x00000260d21a0000]
CodeHeap 'non-nmethods': size=5760Kb used=1406Kb max_used=1477Kb free=4353Kb
 bounds [0x00000260d21a0000, 0x00000260d2410000, 0x00000260d2740000]
 total_blobs=12573 nmethods=11824 adapters=659
 compilation: enabled
              stopped_count=0, restarted_count=0
 full_count=0

Compilation events (20 events):
Event: 1344.318 Thread 0x00000260e635c4a0 14787       3       org.hibernate.engine.internal.StatefulPersistenceContext::getLoadContexts (24 bytes)
Event: 1344.318 Thread 0x00000260e635c4a0 nmethod 14787 0x00000260cb061590 code [0x00000260cb061760, 0x00000260cb061c98]
Event: 1344.318 Thread 0x00000260e635c4a0 14789   !   3       org.springframework.dao.support.PersistenceExceptionTranslationInterceptor::invoke (79 bytes)
Event: 1344.319 Thread 0x00000260e635c4a0 nmethod 14789 0x00000260cb895a90 code [0x00000260cb895ca0, 0x00000260cb896368]
Event: 1344.319 Thread 0x00000260e635c4a0 14790       3       org.springframework.data.projection.DefaultMethodInvokingMethodInterceptor::invoke (54 bytes)
Event: 1344.319 Thread 0x00000260e635c4a0 nmethod 14790 0x00000260cbbeb790 code [0x00000260cbbeb9c0, 0x00000260cbbec1c8]
Event: 1344.319 Thread 0x00000260e635c4a0 14791       3       org.springframework.data.repository.core.support.QueryExecutorMethodInterceptor::invoke (48 bytes)
Event: 1344.320 Thread 0x00000260e635c4a0 nmethod 14791 0x00000260cbeeaf90 code [0x00000260cbeeb1e0, 0x00000260cbeeba78]
Event: 1344.320 Thread 0x00000260e635c4a0 14792       3       org.springframework.data.repository.util.QueryExecutionConverters::getExecutionAdapter (19 bytes)
Event: 1344.321 Thread 0x00000260e635c4a0 nmethod 14792 0x00000260cb078490 code [0x00000260cb078680, 0x00000260cb078b98]
Event: 1344.321 Thread 0x00000260e635c4a0 14788       1       org.springframework.data.jpa.repository.query.JpaQueryMethod::getReturnType (5 bytes)
Event: 1344.321 Thread 0x00000260e635c4a0 nmethod 14788 0x00000260d2d88290 code [0x00000260d2d88420, 0x00000260d2d884f8]
Event: 1344.569 Thread 0x00000260e635c4a0 14793   !   3       org.springframework.transaction.support.AbstractPlatformTransactionManager::handleExistingTransaction (437 bytes)
Event: 1344.571 Thread 0x00000260e635c4a0 nmethod 14793 0x00000260cbdd1110 code [0x00000260cbdd15e0, 0x00000260cbdd3be8]
Event: 1344.571 Thread 0x00000260e635c4a0 14794       3       org.springframework.transaction.support.AbstractPlatformTransactionManager::prepareTransactionStatus (26 bytes)
Event: 1344.572 Thread 0x00000260e635c4a0 nmethod 14794 0x00000260caf71c10 code [0x00000260caf71dc0, 0x00000260caf71ff8]
Event: 1344.572 Thread 0x00000260e635c4a0 14795   !   3       org.springframework.data.repository.core.support.RepositoryFactorySupport$ImplementationMethodExecutionInterceptor::invoke (45 bytes)
Event: 1344.572 Thread 0x00000260e635c4a0 nmethod 14795 0x00000260cb134290 code [0x00000260cb134480, 0x00000260cb134b38]
Event: 1344.880 Thread 0x00000260e63599e0 14796       4       java.util.concurrent.locks.AbstractQueuedSynchronizer$Node::clearStatus (12 bytes)
Event: 1344.881 Thread 0x00000260e63599e0 nmethod 14796 0x00000260d2d87f90 code [0x00000260d2d88100, 0x00000260d2d88178]

GC Heap History (20 events):
Event: 1289.747 GC heap after
{Heap after GC invocations=104 (full 0):
 garbage-first heap   total 573440K, used 184643K [0x0000000700600000, 0x0000000800000000)
  region size 2048K, 3 young (6144K), 3 survivors (6144K)
 Metaspace       used 95271K, committed 96064K, reserved 1179648K
  class space    used 12592K, committed 12992K, reserved 1048576K
}
Event: 1296.413 GC heap before
{Heap before GC invocations=104 (full 0):
 garbage-first heap   total 573440K, used 450883K [0x0000000700600000, 0x0000000800000000)
  region size 2048K, 133 young (272384K), 3 survivors (6144K)
 Metaspace       used 95272K, committed 96064K, reserved 1179648K
  class space    used 12592K, committed 12992K, reserved 1048576K
}
Event: 1296.422 GC heap after
{Heap after GC invocations=105 (full 0):
 garbage-first heap   total 573440K, used 187176K [0x0000000700600000, 0x0000000800000000)
  region size 2048K, 4 young (8192K), 4 survivors (8192K)
 Metaspace       used 95272K, committed 96064K, reserved 1179648K
  class space    used 12592K, committed 12992K, reserved 1048576K
}
Event: 1303.096 GC heap before
{Heap before GC invocations=106 (full 0):
 garbage-first heap   total 573440K, used 439080K [0x0000000700600000, 0x0000000800000000)
  region size 2048K, 137 young (280576K), 4 survivors (8192K)
 Metaspace       used 95272K, committed 96064K, reserved 1179648K
  class space    used 12592K, committed 12992K, reserved 1048576K
}
Event: 1303.110 GC heap after
{Heap after GC invocations=107 (full 0):
 garbage-first heap   total 573440K, used 174424K [0x0000000700600000, 0x0000000800000000)
  region size 2048K, 8 young (16384K), 8 survivors (16384K)
 Metaspace       used 95272K, committed 96064K, reserved 1179648K
  class space    used 12592K, committed 12992K, reserved 1048576K
}
Event: 1303.374 GC heap before
{Heap before GC invocations=107 (full 0):
 garbage-first heap   total 573440K, used 186712K [0x0000000700600000, 0x0000000800000000)
  region size 2048K, 14 young (28672K), 8 survivors (16384K)
 Metaspace       used 95274K, committed 96064K, reserved 1179648K
  class space    used 12592K, committed 12992K, reserved 1048576K
}
Event: 1303.386 GC heap after
{Heap after GC invocations=108 (full 0):
 garbage-first heap   total 573440K, used 149821K [0x0000000700600000, 0x0000000800000000)
  region size 2048K, 2 young (4096K), 2 survivors (4096K)
 Metaspace       used 95274K, committed 96064K, reserved 1179648K
  class space    used 12592K, committed 12992K, reserved 1048576K
}
Event: 1312.424 GC heap before
{Heap before GC invocations=108 (full 0):
 garbage-first heap   total 573440K, used 461117K [0x0000000700600000, 0x0000000800000000)
  region size 2048K, 154 young (315392K), 2 survivors (4096K)
 Metaspace       used 95318K, committed 96128K, reserved 1179648K
  class space    used 12592K, committed 12992K, reserved 1048576K
}
Event: 1312.444 GC heap after
{Heap after GC invocations=109 (full 0):
 garbage-first heap   total 573440K, used 169251K [0x0000000700600000, 0x0000000800000000)
  region size 2048K, 11 young (22528K), 11 survivors (22528K)
 Metaspace       used 95318K, committed 96128K, reserved 1179648K
  class space    used 12592K, committed 12992K, reserved 1048576K
}
Event: 1322.711 GC heap before
{Heap before GC invocations=110 (full 0):
 garbage-first heap   total 573440K, used 458019K [0x0000000700600000, 0x0000000800000000)
  region size 2048K, 152 young (311296K), 11 survivors (22528K)
 Metaspace       used 95327K, committed 96128K, reserved 1179648K
  class space    used 12592K, committed 12992K, reserved 1048576K
}
Event: 1322.748 GC heap after
{Heap after GC invocations=111 (full 0):
 garbage-first heap   total 573440K, used 190523K [0x0000000700600000, 0x0000000800000000)
  region size 2048K, 12 young (24576K), 12 survivors (24576K)
 Metaspace       used 95327K, committed 96128K, reserved 1179648K
  class space    used 12592K, committed 12992K, reserved 1048576K
}
Event: 1322.900 GC heap before
{Heap before GC invocations=111 (full 0):
 garbage-first heap   total 573440K, used 194619K [0x0000000700600000, 0x0000000800000000)
  region size 2048K, 14 young (28672K), 12 survivors (24576K)
 Metaspace       used 95327K, committed 96128K, reserved 1179648K
  class space    used 12592K, committed 12992K, reserved 1048576K
}
Event: 1322.922 GC heap after
{Heap after GC invocations=112 (full 0):
 garbage-first heap   total 573440K, used 175674K [0x0000000700600000, 0x0000000800000000)
  region size 2048K, 2 young (4096K), 2 survivors (4096K)
 Metaspace       used 95327K, committed 96128K, reserved 1179648K
  class space    used 12592K, committed 12992K, reserved 1048576K
}
Event: 1330.174 GC heap before
{Heap before GC invocations=112 (full 0):
 garbage-first heap   total 573440K, used 454202K [0x0000000700600000, 0x0000000800000000)
  region size 2048K, 138 young (282624K), 2 survivors (4096K)
 Metaspace       used 95327K, committed 96128K, reserved 1179648K
  class space    used 12592K, committed 12992K, reserved 1048576K
}
Event: 1330.188 GC heap after
{Heap after GC invocations=113 (full 0):
 garbage-first heap   total 573440K, used 182021K [0x0000000700600000, 0x0000000800000000)
  region size 2048K, 5 young (10240K), 5 survivors (10240K)
 Metaspace       used 95327K, committed 96128K, reserved 1179648K
  class space    used 12592K, committed 12992K, reserved 1048576K
}
Event: 1337.288 GC heap before
{Heap before GC invocations=114 (full 0):
 garbage-first heap   total 573440K, used 450309K [0x0000000700600000, 0x0000000800000000)
  region size 2048K, 141 young (288768K), 5 survivors (10240K)
 Metaspace       used 95361K, committed 96128K, reserved 1179648K
  class space    used 12592K, committed 12992K, reserved 1048576K
}
Event: 1337.303 GC heap after
{Heap after GC invocations=115 (full 0):
 garbage-first heap   total 573440K, used 184066K [0x0000000700600000, 0x0000000800000000)
  region size 2048K, 11 young (22528K), 11 survivors (22528K)
 Metaspace       used 95361K, committed 96128K, reserved 1179648K
  class space    used 12592K, committed 12992K, reserved 1048576K
}
Event: 1337.430 GC heap before
{Heap before GC invocations=115 (full 0):
 garbage-first heap   total 573440K, used 190210K [0x0000000700600000, 0x0000000800000000)
  region size 2048K, 14 young (28672K), 11 survivors (22528K)
 Metaspace       used 95361K, committed 96128K, reserved 1179648K
  class space    used 12592K, committed 12992K, reserved 1048576K
}
Event: 1337.445 GC heap after
{Heap after GC invocations=116 (full 0):
 garbage-first heap   total 573440K, used 162416K [0x0000000700600000, 0x0000000800000000)
  region size 2048K, 2 young (4096K), 2 survivors (4096K)
 Metaspace       used 95361K, committed 96128K, reserved 1179648K
  class space    used 12592K, committed 12992K, reserved 1048576K
}
Event: 1346.147 GC heap before
{Heap before GC invocations=116 (full 0):
 garbage-first heap   total 573440K, used 461424K [0x0000000700600000, 0x0000000800000000)
  region size 2048K, 148 young (303104K), 2 survivors (4096K)
 Metaspace       used 95431K, committed 96192K, reserved 1179648K
  class space    used 12592K, committed 12992K, reserved 1048576K
}

Dll operation events (11 events):
Event: 0.006 Loaded shared library C:\Program Files\Eclipse Adoptium\jdk-17.0.20.8-hotspot\bin\java.dll
Event: 0.021 Loaded shared library C:\Program Files\Eclipse Adoptium\jdk-17.0.20.8-hotspot\bin\jsvml.dll
Event: 0.099 Loaded shared library C:\Program Files\Eclipse Adoptium\jdk-17.0.20.8-hotspot\bin\net.dll
Event: 0.100 Loaded shared library C:\Program Files\Eclipse Adoptium\jdk-17.0.20.8-hotspot\bin\nio.dll
Event: 0.103 Loaded shared library C:\Program Files\Eclipse Adoptium\jdk-17.0.20.8-hotspot\bin\zip.dll
Event: 0.221 Loaded shared library C:\Program Files\Eclipse Adoptium\jdk-17.0.20.8-hotspot\bin\jimage.dll
Event: 0.452 Loaded shared library C:\Program Files\Eclipse Adoptium\jdk-17.0.20.8-hotspot\bin\management.dll
Event: 0.454 Loaded shared library C:\Program Files\Eclipse Adoptium\jdk-17.0.20.8-hotspot\bin\management_ext.dll
Event: 1.287 Loaded shared library C:\Program Files\Eclipse Adoptium\jdk-17.0.20.8-hotspot\bin\sunmscapi.dll
Event: 4.221 Loaded shared library C:\Program Files\Eclipse Adoptium\jdk-17.0.20.8-hotspot\bin\verify.dll
Event: 4.457 Loaded shared library C:\Program Files\Eclipse Adoptium\jdk-17.0.20.8-hotspot\bin\extnet.dll

Deoptimization events (20 events):
Event: 1287.423 Thread 0x000002612feb9010 DEOPT PACKING pc=0x00000260d31d2ffc sp=0x000000b0775ff390
Event: 1287.423 Thread 0x000002612feb9010 DEOPT UNPACKING pc=0x00000260d21f69a3 sp=0x000000b0775ff338 mode 2
Event: 1287.424 Thread 0x000002612feb9010 Uncommon trap: trap_request=0xffffffd6 fr.pc=0x00000260d31d2ffc relative=0x00000000000003dc
Event: 1287.424 Thread 0x000002612feb9010 Uncommon trap: reason=array_check action=maybe_recompile pc=0x00000260d31d2ffc method=java.util.Arrays.fill([Ljava/lang/Object;IILjava/lang/Object;)V @ 20 c2
Event: 1287.424 Thread 0x000002612feb9010 DEOPT PACKING pc=0x00000260d31d2ffc sp=0x000000b0775ff390
Event: 1287.424 Thread 0x000002612feb9010 DEOPT UNPACKING pc=0x00000260d21f69a3 sp=0x000000b0775ff338 mode 2
Event: 1287.424 Thread 0x000002612feb9010 Uncommon trap: trap_request=0xffffffd6 fr.pc=0x00000260d31d2ffc relative=0x00000000000003dc
Event: 1287.424 Thread 0x000002612feb9010 Uncommon trap: reason=array_check action=maybe_recompile pc=0x00000260d31d2ffc method=java.util.Arrays.fill([Ljava/lang/Object;IILjava/lang/Object;)V @ 20 c2
Event: 1287.424 Thread 0x000002612feb9010 DEOPT PACKING pc=0x00000260d31d2ffc sp=0x000000b0775ff390
Event: 1287.424 Thread 0x000002612feb9010 DEOPT UNPACKING pc=0x00000260d21f69a3 sp=0x000000b0775ff338 mode 2
Event: 1311.817 Thread 0x000002612feb5860 Uncommon trap: trap_request=0xffffff45 fr.pc=0x00000260d2e62bd8 relative=0x0000000000000c78
Event: 1311.817 Thread 0x000002612feb5860 Uncommon trap: reason=unstable_if action=reinterpret pc=0x00000260d2e62bd8 method=java.util.concurrent.ConcurrentHashMap.addCount(JI)V @ 68 c2
Event: 1311.817 Thread 0x000002612feb5860 DEOPT PACKING pc=0x00000260d2e62bd8 sp=0x000000b0781fd970
Event: 1311.817 Thread 0x000002612feb5860 DEOPT UNPACKING pc=0x00000260d21f69a3 sp=0x000000b0781fd838 mode 2
Event: 1313.183 Thread 0x00000260e6e1cd40 DEOPT PACKING pc=0x00000260cc02a4ec sp=0x000000b0789fe640
Event: 1313.183 Thread 0x00000260e6e1cd40 DEOPT UNPACKING pc=0x00000260d21f7143 sp=0x000000b0789fdb68 mode 0
Event: 1335.773 Thread 0x000002612feb6ca0 Uncommon trap: trap_request=0xffffff45 fr.pc=0x00000260d31025a0 relative=0x00000000000045e0
Event: 1335.773 Thread 0x000002612feb6ca0 Uncommon trap: reason=unstable_if action=reinterpret pc=0x00000260d31025a0 method=org.postgresql.core.v3.QueryExecutorImpl.processResults(Lorg/postgresql/core/ResultHandler;IZ)V @ 1108 c2
Event: 1335.773 Thread 0x000002612feb6ca0 DEOPT PACKING pc=0x00000260d31025a0 sp=0x000000b0782fc940
Event: 1335.773 Thread 0x000002612feb6ca0 DEOPT UNPACKING pc=0x00000260d21f69a3 sp=0x000000b0782fc910 mode 2

Classes loaded (20 events):
Event: 1181.759 Loading class jdk/internal/icu/impl/UCharacterProperty$1
Event: 1181.759 Loading class jdk/internal/icu/impl/UCharacterProperty$BiDiIntProperty
Event: 1181.759 Loading class jdk/internal/icu/impl/UCharacterProperty$IntProperty
Event: 1181.759 Loading class jdk/internal/icu/impl/UCharacterProperty$IntProperty done
Event: 1181.759 Loading class jdk/internal/icu/impl/UCharacterProperty$BiDiIntProperty done
Event: 1181.759 Loading class jdk/internal/icu/impl/UCharacterProperty$1 done
Event: 1181.761 Loading class jdk/internal/icu/impl/UCharacterProperty$IsAcceptable
Event: 1181.761 Loading class jdk/internal/icu/impl/UCharacterProperty$IsAcceptable done
Event: 1181.761 Loading class jdk/internal/icu/impl/Trie2_16
Event: 1181.761 Loading class jdk/internal/icu/impl/Trie2
Event: 1181.762 Loading class jdk/internal/icu/impl/Trie2 done
Event: 1181.762 Loading class jdk/internal/icu/impl/Trie2_16 done
Event: 1181.762 Loading class jdk/internal/icu/impl/Trie2$1
Event: 1181.762 Loading class jdk/internal/icu/impl/Trie2$ValueMapper
Event: 1181.762 Loading class jdk/internal/icu/impl/Trie2$ValueMapper done
Event: 1181.762 Loading class jdk/internal/icu/impl/Trie2$1 done
Event: 1181.762 Loading class jdk/internal/icu/impl/Trie2$UTrie2Header
Event: 1181.762 Loading class jdk/internal/icu/impl/Trie2$UTrie2Header done
Event: 1181.798 Loading class java/nio/charset/IllegalCharsetNameException
Event: 1181.798 Loading class java/nio/charset/IllegalCharsetNameException done

Classes unloaded (20 events):
Event: 1206.464 Thread 0x00000260e61fcfa0 Unloading class 0x00000260e8c9d000 'java/lang/invoke/LambdaForm$MH+0x00000260e8c9d000'
Event: 1206.464 Thread 0x00000260e61fcfa0 Unloading class 0x00000260e8c9d800 'java/lang/invoke/LambdaForm$MH+0x00000260e8c9d800'
Event: 1206.464 Thread 0x00000260e61fcfa0 Unloading class 0x00000260e8c9cc00 'java/lang/invoke/LambdaForm$MH+0x00000260e8c9cc00'
Event: 1206.464 Thread 0x00000260e61fcfa0 Unloading class 0x00000260e8c9c800 'java/lang/invoke/LambdaForm$MH+0x00000260e8c9c800'
Event: 1206.464 Thread 0x00000260e61fcfa0 Unloading class 0x00000260e8c9c400 'java/lang/invoke/LambdaForm$MH+0x00000260e8c9c400'
Event: 1206.464 Thread 0x00000260e61fcfa0 Unloading class 0x00000260e8c9c000 'java/lang/invoke/LambdaForm$MH+0x00000260e8c9c000'
Event: 1206.464 Thread 0x00000260e61fcfa0 Unloading class 0x00000260e8c9bc00 'java/lang/invoke/LambdaForm$MH+0x00000260e8c9bc00'
Event: 1206.464 Thread 0x00000260e61fcfa0 Unloading class 0x00000260e8c9b800 'java/lang/invoke/LambdaForm$MH+0x00000260e8c9b800'
Event: 1206.464 Thread 0x00000260e61fcfa0 Unloading class 0x00000260e8c9b400 'java/lang/invoke/LambdaForm$MH+0x00000260e8c9b400'
Event: 1206.464 Thread 0x00000260e61fcfa0 Unloading class 0x00000260e8c9ac00 'java/lang/invoke/LambdaForm$MH+0x00000260e8c9ac00'
Event: 1206.464 Thread 0x00000260e61fcfa0 Unloading class 0x00000260e8c9b000 'java/lang/invoke/LambdaForm$MH+0x00000260e8c9b000'
Event: 1206.464 Thread 0x00000260e61fcfa0 Unloading class 0x00000260e8c9a000 'java/lang/invoke/LambdaForm$MH+0x00000260e8c9a000'
Event: 1206.464 Thread 0x00000260e61fcfa0 Unloading class 0x00000260e8c99c00 'java/lang/invoke/LambdaForm$MH+0x00000260e8c99c00'
Event: 1206.464 Thread 0x00000260e61fcfa0 Unloading class 0x00000260e8c99400 'java/lang/invoke/LambdaForm$MH+0x00000260e8c99400'
Event: 1206.464 Thread 0x00000260e61fcfa0 Unloading class 0x00000260e8c99800 'java/lang/invoke/LambdaForm$MH+0x00000260e8c99800'
Event: 1206.464 Thread 0x00000260e61fcfa0 Unloading class 0x00000260e8c98400 'java/lang/invoke/LambdaForm$MH+0x00000260e8c98400'
Event: 1206.464 Thread 0x00000260e61fcfa0 Unloading class 0x00000260e8c98000 'java/lang/invoke/LambdaForm$MH+0x00000260e8c98000'
Event: 1206.464 Thread 0x00000260e61fcfa0 Unloading class 0x00000260e8c99000 'java/lang/invoke/LambdaForm$MH+0x00000260e8c99000'
Event: 1206.464 Thread 0x00000260e61fcfa0 Unloading class 0x00000260e8c98800 'java/lang/invoke/LambdaForm$MH+0x00000260e8c98800'
Event: 1206.464 Thread 0x00000260e61fcfa0 Unloading class 0x00000260e8c98c00 'java/lang/invoke/LambdaForm$MH+0x00000260e8c98c00'

Classes redefined (0 events):
No events

Internal exceptions (20 events):
Event: 1181.771 Thread 0x000002612febbda0 Exception <a 'java/lang/NoSuchMethodError'{0x000000071d134288}: 'java.lang.Object java.lang.invoke.DirectMethodHandle$Holder.newInvokeSpecial(java.lang.Object, java.lang.Object, java.lang.Object, java.lang.Object, int, java.lang.Object)'> (0x000000071d134288) 
thrown [s\src\hotspot\share\interpreter\linkResolver.cpp, line 759]
Event: 1181.772 Thread 0x000002612febbda0 Exception <a 'java/lang/NoSuchMethodError'{0x000000071d138270}: 'java.lang.Object java.lang.invoke.DirectMethodHandle$Holder.invokeSpecial(java.lang.Object, java.lang.Object, java.lang.Object, java.lang.Object, java.lang.Object, int, java.lang.Object)'> (0x000000071d138270) 
thrown [s\src\hotspot\share\interpreter\linkResolver.cpp, line 759]
Event: 1181.772 Thread 0x000002612febbda0 Exception <a 'java/lang/NoSuchMethodError'{0x000000071d13bc08}: 'java.lang.Object java.lang.invoke.Invokers$Holder.linkToTargetMethod(java.lang.Object, java.lang.Object, java.lang.Object, int, java.lang.Object, java.lang.Object)'> (0x000000071d13bc08) 
thrown [s\src\hotspot\share\interpreter\linkResolver.cpp, line 759]
Event: 1181.781 Thread 0x000002612febbda0 Exception <a 'java/lang/NoSuchMethodError'{0x000000071d16cf28}: 'void java.lang.invoke.DirectMethodHandle$Holder.invokeStatic(java.lang.Object, int)'> (0x000000071d16cf28) 
thrown [s\src\hotspot\share\interpreter\linkResolver.cpp, line 759]
Event: 1181.781 Thread 0x000002612febbda0 Exception <a 'java/lang/NoSuchMethodError'{0x000000071d1705e8}: 'void java.lang.invoke.DirectMethodHandle$Holder.invokeStaticInit(java.lang.Object, int)'> (0x000000071d1705e8) 
thrown [s\src\hotspot\share\interpreter\linkResolver.cpp, line 759]
Event: 1181.781 Thread 0x000002612febbda0 Exception <a 'java/lang/NoSuchMethodError'{0x000000071d1760c8}: 'void java.lang.invoke.DirectMethodHandle$Holder.invokeSpecial(java.lang.Object, java.lang.Object, int)'> (0x000000071d1760c8) 
thrown [s\src\hotspot\share\interpreter\linkResolver.cpp, line 759]
Event: 1181.833 Thread 0x000002612febbda0 Exception <a 'java/lang/NoSuchMethodError'{0x000000071cc0d5b0}: 'void java.lang.invoke.DirectMethodHandle$Holder.invokeSpecialIFC(java.lang.Object, java.lang.Object, java.lang.Object, java.lang.Object)'> (0x000000071cc0d5b0) 
thrown [s\src\hotspot\share\interpreter\linkResolver.cpp, line 759]
Event: 1197.661 Thread 0x000002612febbda0 Implicit null exception at 0x00000260d2f0ab83 to 0x00000260d2f0ada8
Event: 1199.532 Thread 0x000002612f542c70 Exception <a 'java/lang/NoSuchMethodError'{0x000000071c5d2e10}: 'java.lang.Object java.lang.invoke.Invokers$Holder.invoke_MT(java.lang.Object, java.lang.Object, java.lang.Object, java.lang.Object, java.lang.Object, java.lang.Object, java.lang.Object, java.lang.Object, java.lang.Object)'> (0x000000071c5d2e10) 
thrown [s\src\hotspot\share\interpreter\linkResolver.cpp, line 759]
Event: 1199.532 Thread 0x00000260e6e1cd40 Exception <a 'java/lang/NoSuchMethodError'{0x000000071c404c38}: 'java.lang.Object java.lang.invoke.Invokers$Holder.invoke_MT(java.lang.Object, java.lang.Object, java.lang.Object, java.lang.Object, java.lang.Object, java.lang.Object, java.lang.Object, java.lang.Object, java.lang.Object)'> (0x000000071c404c38) 
thrown [s\src\hotspot\share\interpreter\linkResolver.cpp, line 759]
Event: 1199.532 Thread 0x000002612cd9f470 Exception <a 'java/lang/NoSuchMethodError'{0x000000071c2050d8}: 'java.lang.Object java.lang.invoke.Invokers$Holder.invoke_MT(java.lang.Object, java.lang.Object, java.lang.Object, java.lang.Object, java.lang.Object, java.lang.Object, java.lang.Object, java.lang.Object, java.lang.Object)'> (0x000000071c2050d8) 
thrown [s\src\hotspot\share\interpreter\linkResolver.cpp, line 759]
Event: 1199.532 Thread 0x000002612febb380 Exception <a 'java/lang/NoSuchMethodError'{0x000000071c3d1a00}: 'java.lang.Object java.lang.invoke.Invokers$Holder.invoke_MT(java.lang.Object, java.lang.Object, java.lang.Object, java.lang.Object, java.lang.Object, java.lang.Object, java.lang.Object, java.lang.Object, java.lang.Object)'> (0x000000071c3d1a00) 
thrown [s\src\hotspot\share\interpreter\linkResolver.cpp, line 759]
Event: 1199.532 Thread 0x000002612feb5860 Exception <a 'java/lang/NoSuchMethodError'{0x000000071c005e00}: 'java.lang.Object java.lang.invoke.Invokers$Holder.invoke_MT(java.lang.Object, java.lang.Object, java.lang.Object, java.lang.Object, java.lang.Object, java.lang.Object, java.lang.Object, java.lang.Object, java.lang.Object)'> (0x000000071c005e00) 
thrown [s\src\hotspot\share\interpreter\linkResolver.cpp, line 759]
Event: 1199.532 Thread 0x000002612febb890 Exception <a 'java/lang/NoSuchMethodError'{0x000000071c338b68}: 'java.lang.Object java.lang.invoke.Invokers$Holder.invoke_MT(java.lang.Object, java.lang.Object, java.lang.Object, java.lang.Object, java.lang.Object, java.lang.Object, java.lang.Object, java.lang.Object, java.lang.Object)'> (0x000000071c338b68) 
thrown [s\src\hotspot\share\interpreter\linkResolver.cpp, line 759]
Event: 1199.532 Thread 0x000002612cd9e540 Exception <a 'java/lang/NoSuchMethodError'{0x000000071c29dd70}: 'java.lang.Object java.lang.invoke.Invokers$Holder.invoke_MT(java.lang.Object, java.lang.Object, java.lang.Object, java.lang.Object, java.lang.Object, java.lang.Object, java.lang.Object, java.lang.Object, java.lang.Object)'> (0x000000071c29dd70) 
thrown [s\src\hotspot\share\interpreter\linkResolver.cpp, line 759]
Event: 1199.533 Thread 0x000002612feb6790 Exception <a 'java/lang/NoSuchMethodError'{0x000000071c538230}: 'java.lang.Object java.lang.invoke.Invokers$Holder.invoke_MT(java.lang.Object, java.lang.Object, java.lang.Object, java.lang.Object, java.lang.Object, java.lang.Object, java.lang.Object, java.lang.Object, java.lang.Object)'> (0x000000071c538230) 
thrown [s\src\hotspot\share\interpreter\linkResolver.cpp, line 759]
Event: 1199.533 Thread 0x000002612feb6ca0 Exception <a 'java/lang/NoSuchMethodError'{0x000000071c7ba4e0}: 'java.lang.Object java.lang.invoke.Invokers$Holder.invoke_MT(java.lang.Object, java.lang.Object, java.lang.Object, java.lang.Object, java.lang.Object, java.lang.Object, java.lang.Object, java.lang.Object, java.lang.Object)'> (0x000000071c7ba4e0) 
thrown [s\src\hotspot\share\interpreter\linkResolver.cpp, line 759]
Event: 1199.533 Thread 0x000002612feb9a30 Exception <a 'java/lang/NoSuchMethodError'{0x000000071c49eb58}: 'java.lang.Object java.lang.invoke.Invokers$Holder.invoke_MT(java.lang.Object, java.lang.Object, java.lang.Object, java.lang.Object, java.lang.Object, java.lang.Object, java.lang.Object, java.lang.Object, java.lang.Object)'> (0x000000071c49eb58) 
thrown [s\src\hotspot\share\interpreter\linkResolver.cpp, line 759]
Event: 1200.671 Thread 0x000002612febb890 Exception <a 'java/lang/NoSuchMethodError'{0x000000071c37e370}: 'void java.lang.invoke.DirectMethodHandle$Holder.invokeSpecialIFC(java.lang.Object, java.lang.Object, int, java.lang.Object, java.lang.Object, java.lang.Object, java.lang.Object)'> (0x000000071c37e370) 
thrown [s\src\hotspot\share\interpreter\linkResolver.cpp, line 759]
Event: 1311.817 Thread 0x000002612feb5860 Implicit null exception at 0x00000260d2e62523 to 0x00000260d2e62bcc

VM Operations (20 events):
Event: 1336.536 Executing VM operation: Cleanup done
Event: 1336.952 Executing VM operation: HandshakeAllThreads
Event: 1336.952 Executing VM operation: HandshakeAllThreads done
Event: 1337.288 Executing VM operation: G1CollectForAllocation
Event: 1337.303 Executing VM operation: G1CollectForAllocation done
Event: 1337.430 Executing VM operation: G1CollectForAllocation
Event: 1337.445 Executing VM operation: G1CollectForAllocation done
Event: 1338.373 Executing VM operation: HandshakeAllThreads
Event: 1338.373 Executing VM operation: HandshakeAllThreads done
Event: 1339.386 Executing VM operation: Cleanup
Event: 1339.386 Executing VM operation: Cleanup done
Event: 1342.395 Executing VM operation: HandshakeAllThreads
Event: 1342.395 Executing VM operation: HandshakeAllThreads done
Event: 1342.395 Executing VM operation: Cleanup
Event: 1342.395 Executing VM operation: Cleanup done
Event: 1343.400 Executing VM operation: Cleanup
Event: 1343.400 Executing VM operation: Cleanup done
Event: 1344.408 Executing VM operation: Cleanup
Event: 1344.408 Executing VM operation: Cleanup done
Event: 1346.147 Executing VM operation: G1CollectForAllocation

Memory protections (0 events):
No events

Nmethod flushes (20 events):
Event: 1338.397 Thread 0x00000260e6366e90 flushing  nmethod 0x00000260cbea9a90
Event: 1338.398 Thread 0x00000260e6366e90 flushing  nmethod 0x00000260cbecf410
Event: 1338.398 Thread 0x00000260e6366e90 flushing  nmethod 0x00000260cbed3510
Event: 1338.398 Thread 0x00000260e6366e90 flushing  nmethod 0x00000260cbedd110
Event: 1338.398 Thread 0x00000260e6366e90 flushing  nmethod 0x00000260cbedfa90
Event: 1338.398 Thread 0x00000260e6366e90 flushing  nmethod 0x00000260cbeeaf90
Event: 1338.398 Thread 0x00000260e6366e90 flushing  nmethod 0x00000260cbef2f90
Event: 1338.398 Thread 0x00000260e6366e90 flushing  nmethod 0x00000260cbf15590
Event: 1338.398 Thread 0x00000260e6366e90 flushing  nmethod 0x00000260cbf17610
Event: 1338.398 Thread 0x00000260e6366e90 flushing osr nmethod 0x00000260cbf18810
Event: 1338.398 Thread 0x00000260e6366e90 flushing  nmethod 0x00000260cbf19c90
Event: 1338.398 Thread 0x00000260e6366e90 flushing  nmethod 0x00000260cbf1b110
Event: 1338.398 Thread 0x00000260e6366e90 flushing  nmethod 0x00000260cbf24310
Event: 1338.398 Thread 0x00000260e6366e90 flushing  nmethod 0x00000260cbf2e010
Event: 1338.398 Thread 0x00000260e6366e90 flushing  nmethod 0x00000260cbf38890
Event: 1338.398 Thread 0x00000260e6366e90 flushing  nmethod 0x00000260cbf3d010
Event: 1338.398 Thread 0x00000260e6366e90 flushing  nmethod 0x00000260cbf3dc90
Event: 1338.398 Thread 0x00000260e6366e90 flushing  nmethod 0x00000260cbf3e990
Event: 1338.398 Thread 0x00000260e6366e90 flushing  nmethod 0x00000260cbf66710
Event: 1338.398 Thread 0x00000260e6366e90 flushing  nmethod 0x00000260cbf66a90

Events (20 events):
Event: 1199.538 Thread 0x00000260e635c4a0 Thread added: 0x000002612f167520
Event: 1200.475 Thread 0x000002612f167520 Thread exited: 0x000002612f167520
Event: 1200.608 Thread 0x00000260e635c4a0 Thread added: 0x000002613271ab10
Event: 1200.621 Thread 0x00000260e635c4a0 Thread added: 0x000002613271b060
Event: 1200.825 Thread 0x000002613271b060 Thread exited: 0x000002613271b060
Event: 1201.301 Thread 0x000002613271ab10 Thread exited: 0x000002613271ab10
Event: 1201.554 Thread 0x00000260e635c4a0 Thread added: 0x000002613271ab10
Event: 1201.583 Thread 0x00000260e635c4a0 Thread added: 0x000002613271b5b0
Event: 1201.868 Thread 0x000002613271b5b0 Thread exited: 0x000002613271b5b0
Event: 1202.021 Thread 0x000002613271ab10 Thread exited: 0x000002613271ab10
Event: 1202.403 Thread 0x00000260e63599e0 Thread added: 0x00000260e6c53070
Event: 1202.403 Thread 0x00000260e63599e0 Thread added: 0x00000260e6c535c0
Event: 1202.750 Thread 0x00000260e6c535c0 Thread exited: 0x00000260e6c535c0
Event: 1203.951 Thread 0x00000260e6c53070 Thread exited: 0x00000260e6c53070
Event: 1225.984 Thread 0x00000260e635c4a0 Thread added: 0x000002612c807830
Event: 1226.570 Thread 0x000002612feb85f0 Thread added: 0x00000260e6e1c320
Event: 1226.778 Thread 0x000002612c807830 Thread exited: 0x000002612c807830
Event: 1243.869 Thread 0x000002612feb85f0 Thread added: 0x00000260e6e1b3f0
Event: 1336.270 Thread 0x00000260e63599e0 Thread added: 0x000002612c8072e0
Event: 1336.596 Thread 0x000002612c8072e0 Thread exited: 0x000002612c8072e0


Dynamic libraries:
0x00007ff6dd4f0000 - 0x00007ff6dd4fe000 	C:\Program Files\Eclipse Adoptium\jdk-17.0.20.8-hotspot\bin\javaw.exe
0x00007ffef2ed0000 - 0x00007ffef30c8000 	C:\WINDOWS\SYSTEM32\ntdll.dll
0x00007ffef2d90000 - 0x00007ffef2e52000 	C:\WINDOWS\System32\KERNEL32.DLL
0x00007ffef0bc0000 - 0x00007ffef0eb6000 	C:\WINDOWS\System32\KERNELBASE.dll
0x00007ffef0ac0000 - 0x00007ffef0bc0000 	C:\WINDOWS\System32\ucrtbase.dll
0x00007ffec4a20000 - 0x00007ffec4a38000 	C:\Program Files\Eclipse Adoptium\jdk-17.0.20.8-hotspot\bin\jli.dll
0x00007ffec4a00000 - 0x00007ffec4a1e000 	C:\Program Files\Eclipse Adoptium\jdk-17.0.20.8-hotspot\bin\VCRUNTIME140.dll
0x00007ffef1dd0000 - 0x00007ffef1f71000 	C:\WINDOWS\System32\USER32.dll
0x00007ffee3bb0000 - 0x00007ffee3e4b000 	C:\WINDOWS\WinSxS\amd64_microsoft.windows.common-controls_6595b64144ccf1df_6.0.19041.6456_none_60b8a6cb71f64256\COMCTL32.dll
0x00007ffef0ec0000 - 0x00007ffef0ee2000 	C:\WINDOWS\System32\win32u.dll
0x00007ffef2290000 - 0x00007ffef232e000 	C:\WINDOWS\System32\msvcrt.dll
0x00007ffef2e60000 - 0x00007ffef2e8b000 	C:\WINDOWS\System32\GDI32.dll
0x00007ffef0850000 - 0x00007ffef0969000 	C:\WINDOWS\System32\gdi32full.dll
0x00007ffef0a20000 - 0x00007ffef0abd000 	C:\WINDOWS\System32\msvcp_win.dll
0x00007ffef2260000 - 0x00007ffef228f000 	C:\WINDOWS\System32\IMM32.DLL
0x00007ffeddc00000 - 0x00007ffeddc0c000 	C:\Program Files\Eclipse Adoptium\jdk-17.0.20.8-hotspot\bin\vcruntime140_1.dll
0x00007ffe80320000 - 0x00007ffe803ad000 	C:\Program Files\Eclipse Adoptium\jdk-17.0.20.8-hotspot\bin\msvcp140.dll
0x00007ffe4e3e0000 - 0x00007ffe4f04c000 	C:\Program Files\Eclipse Adoptium\jdk-17.0.20.8-hotspot\bin\server\jvm.dll
0x00007ffef0fb0000 - 0x00007ffef1061000 	C:\WINDOWS\System32\ADVAPI32.dll
0x00007ffef13d0000 - 0x00007ffef146f000 	C:\WINDOWS\System32\sechost.dll
0x00007ffef2c70000 - 0x00007ffef2d90000 	C:\WINDOWS\System32\RPCRT4.dll
0x00007ffef0970000 - 0x00007ffef0997000 	C:\WINDOWS\System32\bcrypt.dll
0x00007ffef2b30000 - 0x00007ffef2b9b000 	C:\WINDOWS\System32\WS2_32.dll
0x00007ffeefab0000 - 0x00007ffeefafb000 	C:\WINDOWS\SYSTEM32\POWRPROF.dll
0x00007ffee6200000 - 0x00007ffee620a000 	C:\WINDOWS\SYSTEM32\VERSION.dll
0x00007ffedd7e0000 - 0x00007ffedd807000 	C:\WINDOWS\SYSTEM32\WINMM.dll
0x00007ffeef920000 - 0x00007ffeef932000 	C:\WINDOWS\SYSTEM32\UMPDC.dll
0x00007ffeee3a0000 - 0x00007ffeee3b2000 	C:\WINDOWS\SYSTEM32\kernel.appcore.dll
0x00007ffed2690000 - 0x00007ffed269a000 	C:\Program Files\Eclipse Adoptium\jdk-17.0.20.8-hotspot\bin\jimage.dll
0x00007ffee1990000 - 0x00007ffee1b91000 	C:\WINDOWS\SYSTEM32\DBGHELP.DLL
0x00007ffed0d90000 - 0x00007ffed0dc4000 	C:\WINDOWS\SYSTEM32\dbgcore.DLL
0x00007ffef0660000 - 0x00007ffef06e2000 	C:\WINDOWS\System32\bcryptPrimitives.dll
0x00007ffec3540000 - 0x00007ffec3565000 	C:\Program Files\Eclipse Adoptium\jdk-17.0.20.8-hotspot\bin\java.dll
0x00007ffe532c0000 - 0x00007ffe53397000 	C:\Program Files\Eclipse Adoptium\jdk-17.0.20.8-hotspot\bin\jsvml.dll
0x00007ffef15d0000 - 0x00007ffef1d40000 	C:\WINDOWS\System32\SHELL32.dll
0x00007ffeee5a0000 - 0x00007ffeeed45000 	C:\WINDOWS\SYSTEM32\windows.storage.dll
0x00007ffef1070000 - 0x00007ffef13c4000 	C:\WINDOWS\System32\combase.dll
0x00007ffeefeb0000 - 0x00007ffeefedb000 	C:\WINDOWS\SYSTEM32\Wldp.dll
0x00007ffef2ba0000 - 0x00007ffef2c6d000 	C:\WINDOWS\System32\OLEAUT32.dll
0x00007ffef2a80000 - 0x00007ffef2b2d000 	C:\WINDOWS\System32\SHCORE.dll
0x00007ffef0ef0000 - 0x00007ffef0f4b000 	C:\WINDOWS\System32\shlwapi.dll
0x00007ffef0490000 - 0x00007ffef04b4000 	C:\WINDOWS\SYSTEM32\profapi.dll
0x00007ffec14b0000 - 0x00007ffec14ca000 	C:\Program Files\Eclipse Adoptium\jdk-17.0.20.8-hotspot\bin\net.dll
0x00007ffeea8d0000 - 0x00007ffeea9da000 	C:\WINDOWS\SYSTEM32\WINHTTP.dll
0x00007ffeefc90000 - 0x00007ffeefcfa000 	C:\WINDOWS\system32\mswsock.dll
0x00007ffec1490000 - 0x00007ffec14a6000 	C:\Program Files\Eclipse Adoptium\jdk-17.0.20.8-hotspot\bin\nio.dll
0x00007ffec1470000 - 0x00007ffec1488000 	C:\Program Files\Eclipse Adoptium\jdk-17.0.20.8-hotspot\bin\zip.dll
0x00007ffed2620000 - 0x00007ffed262a000 	C:\Program Files\Eclipse Adoptium\jdk-17.0.20.8-hotspot\bin\management.dll
0x00007ffecce70000 - 0x00007ffecce7c000 	C:\Program Files\Eclipse Adoptium\jdk-17.0.20.8-hotspot\bin\management_ext.dll
0x00007ffef1470000 - 0x00007ffef1478000 	C:\WINDOWS\System32\PSAPI.DLL
0x00007ffecb120000 - 0x00007ffecb12e000 	C:\Program Files\Eclipse Adoptium\jdk-17.0.20.8-hotspot\bin\sunmscapi.dll
0x00007ffef06f0000 - 0x00007ffef084d000 	C:\WINDOWS\System32\CRYPT32.dll
0x00007ffef0000000 - 0x00007ffef0027000 	C:\WINDOWS\SYSTEM32\ncrypt.dll
0x00007ffeeffc0000 - 0x00007ffeefffb000 	C:\WINDOWS\SYSTEM32\NTASN1.dll
0x00007ffeefef0000 - 0x00007ffeeff08000 	C:\WINDOWS\SYSTEM32\CRYPTSP.dll
0x00007ffeef560000 - 0x00007ffeef598000 	C:\WINDOWS\system32\rsaenh.dll
0x00007ffef0410000 - 0x00007ffef043e000 	C:\WINDOWS\SYSTEM32\USERENV.dll
0x00007ffeefe20000 - 0x00007ffeefe2c000 	C:\WINDOWS\SYSTEM32\CRYPTBASE.dll
0x00007ffeef940000 - 0x00007ffeef97b000 	C:\WINDOWS\SYSTEM32\IPHLPAPI.DLL
0x00007ffef1560000 - 0x00007ffef1568000 	C:\WINDOWS\System32\NSI.dll
0x00007ffeea610000 - 0x00007ffeea627000 	C:\WINDOWS\SYSTEM32\dhcpcsvc6.DLL
0x00007ffeea4a0000 - 0x00007ffeea4bd000 	C:\WINDOWS\SYSTEM32\dhcpcsvc.DLL
0x00007ffeef990000 - 0x00007ffeefa5a000 	C:\WINDOWS\SYSTEM32\DNSAPI.dll
0x00007ffecafb0000 - 0x00007ffecafc0000 	C:\Program Files\Eclipse Adoptium\jdk-17.0.20.8-hotspot\bin\verify.dll
0x00007ffee8290000 - 0x00007ffee829a000 	C:\Windows\System32\rasadhlp.dll
0x00007ffee8670000 - 0x00007ffee86f0000 	C:\WINDOWS\System32\fwpuclnt.dll
0x00007ffecaaf0000 - 0x00007ffecaaf9000 	C:\Program Files\Eclipse Adoptium\jdk-17.0.20.8-hotspot\bin\extnet.dll
0x00007ffed5860000 - 0x00007ffed5867000 	C:\WINDOWS\system32\wshunix.dll
0x00007ffec9fc0000 - 0x00007ffec9fd7000 	C:\WINDOWS\system32\napinsp.dll
0x00007ffec9fa0000 - 0x00007ffec9fbb000 	C:\WINDOWS\system32\pnrpnsp.dll
0x00007ffec9f80000 - 0x00007ffec9f9d000 	C:\WINDOWS\system32\wshbth.dll
0x00007ffeeb070000 - 0x00007ffeeb08d000 	C:\WINDOWS\system32\NLAapi.dll
0x00007ffec9f60000 - 0x00007ffec9f72000 	C:\WINDOWS\System32\winrnr.dll

dbghelp: loaded successfully - version: 4.0.5 - missing functions: none
symbol engine: initialized successfully - sym options: 0x614 - pdb path: .;C:\Program Files\Eclipse Adoptium\jdk-17.0.20.8-hotspot\bin;C:\WINDOWS\SYSTEM32;C:\WINDOWS\WinSxS\amd64_microsoft.windows.common-controls_6595b64144ccf1df_6.0.19041.6456_none_60b8a6cb71f64256;C:\Program Files\Eclipse Adoptium\jdk-17.0.20.8-hotspot\bin\server

VM Arguments:
jvm_args: -Dfile.encoding=UTF-8 -Dstdout.encoding=UTF-8 -Dstderr.encoding=UTF-8 -XX:+ShowCodeDetailsInExceptionMessages 
java_command: swgohManager.SwgohApplication
java_class_path (initial): C:\Users\Ben\git\SwgohManager\target\classes;C:\Users\Ben\.m2\repository\org\springframework\boot\spring-boot-starter-thymeleaf\3.2.4\spring-boot-starter-thymeleaf-3.2.4.jar;C:\Users\Ben\.m2\repository\org\springframework\boot\spring-boot-starter\3.2.4\spring-boot-starter-3.2.4.jar;C:\Users\Ben\.m2\repository\org\springframework\boot\spring-boot-starter-logging\3.2.4\spring-boot-starter-logging-3.2.4.jar;C:\Users\Ben\.m2\repository\ch\qos\logback\logback-classic\1.4.14\logback-classic-1.4.14.jar;C:\Users\Ben\.m2\repository\ch\qos\logback\logback-core\1.4.14\logback-core-1.4.14.jar;C:\Users\Ben\.m2\repository\org\apache\logging\log4j\log4j-to-slf4j\2.21.1\log4j-to-slf4j-2.21.1.jar;C:\Users\Ben\.m2\repository\org\apache\logging\log4j\log4j-api\2.21.1\log4j-api-2.21.1.jar;C:\Users\Ben\.m2\repository\org\slf4j\jul-to-slf4j\2.0.12\jul-to-slf4j-2.0.12.jar;C:\Users\Ben\.m2\repository\jakarta\annotation\jakarta.annotation-api\2.1.1\jakarta.annotation-api-2.1.1.jar;C:\Users\Ben\.m2\repository\org\yaml\snakeyaml\2.2\snakeyaml-2.2.jar;C:\Users\Ben\.m2\repository\org\thymeleaf\thymeleaf-spring6\3.1.2.RELEASE\thymeleaf-spring6-3.1.2.RELEASE.jar;C:\Users\Ben\.m2\repository\org\thymeleaf\thymeleaf\3.1.2.RELEASE\thymeleaf-3.1.2.RELEASE.jar;C:\Users\Ben\.m2\repository\org\attoparser\attoparser\2.0.7.RELEASE\attoparser-2.0.7.RELEASE.jar;C:\Users\Ben\.m2\repository\org\unbescape\unbescape\1.1.6.RELEASE\unbescape-1.1.6.RELEASE.jar;C:\Users\Ben\.m2\repository\org\slf4j\slf4j-api\2.0.12\slf4j-api-2.0.12.jar;C:\Users\Ben\.m2\repository\org\springframework\boot\spring-boot-starter-web\3.2.4\spring-boot-starter-web-3.2.4.jar;C:\Users\Ben\.m2\repository\org\springframework\boot\spring-boot-starter-json\3.2.4\spring-boot-starter-json-3.2.4.jar;C:\Users\Ben\.m2\repository\com\fasterxml\jackson\datatype\jackson-datatype-jdk8\2.15.4\jackson-datatype-jdk8-2.15.4.jar;C:\Users\Ben\.m2\repository\com\fasterxml\jackson\datatype\jackson-datatype-jsr310\2.15.4\jackson-datat
Launcher Type: SUN_STANDARD

[Global flags]
     intx CICompilerCount                          = 4                                         {product} {ergonomic}
     uint ConcGCThreads                            = 2                                         {product} {ergonomic}
     uint G1ConcRefinementThreads                  = 8                                         {product} {ergonomic}
   size_t G1HeapRegionSize                         = 2097152                                   {product} {ergonomic}
    uintx GCDrainStackTargetSize                   = 64                                        {product} {ergonomic}
   size_t InitialHeapSize                          = 268435456                                 {product} {ergonomic}
   size_t MarkStackSize                            = 4194304                                   {product} {ergonomic}
   size_t MaxHeapSize                              = 4288675840                                {product} {ergonomic}
   size_t MaxNewSize                               = 2573205504                                {product} {ergonomic}
   size_t MinHeapDeltaBytes                        = 2097152                                   {product} {ergonomic}
   size_t MinHeapSize                              = 8388608                                   {product} {ergonomic}
    uintx NonNMethodCodeHeapSize                   = 5839372                                {pd product} {ergonomic}
    uintx NonProfiledCodeHeapSize                  = 122909434                              {pd product} {ergonomic}
    uintx ProfiledCodeHeapSize                     = 122909434                              {pd product} {ergonomic}
    uintx ReservedCodeCacheSize                    = 251658240                              {pd product} {ergonomic}
     bool SegmentedCodeCache                       = true                                      {product} {ergonomic}
     bool ShowCodeDetailsInExceptionMessages       = true                                   {manageable} {command line}
   size_t SoftMaxHeapSize                          = 4288675840                             {manageable} {ergonomic}
     bool UseCompressedClassPointers               = true                           {product lp64_product} {ergonomic}
     bool UseCompressedOops                        = true                           {product lp64_product} {ergonomic}
     bool UseG1GC                                  = true                                      {product} {ergonomic}
     bool UseLargePagesIndividualAllocation        = false                                  {pd product} {ergonomic}

Logging:
Log output configuration:
 #0: stdout all=warning uptime,level,tags
 #1: stderr all=off uptime,level,tags

Environment Variables:
PATH=C:/Program Files/eclipse//plugins/org.eclipse.justj.openjdk.hotspot.jre.full.win32.x86_64_21.0.11.v20260515-1531/jre/bin/server;C:/Program Files/eclipse//plugins/org.eclipse.justj.openjdk.hotspot.jre.full.win32.x86_64_21.0.11.v20260515-1531/jre/bin;C:\Program Files\Eclipse Adoptium\jdk-17.0.20.8-hotspot\bin;C:\Program Files\Microsoft MPI\Bin\;C:\WINDOWS\system32;C:\WINDOWS;C:\WINDOWS\System32\Wbem;C:\WINDOWS\System32\WindowsPowerShell\v1.0\;C:\Program Files (x86)\Windows Live\Shared;C:\Program Files (x86)\NVIDIA Corporation\PhysX\Common;C:\adb;C:\Android;C:\Windows\System32;C:\WINDOWS\System32\OpenSSH\;C:\WINDOWS\system32;C:\WINDOWS;C:\WINDOWS\System32\Wbem;C:\WINDOWS\System32\WindowsPowerShell\v1.0\;C:\WINDOWS\System32\OpenSSH\;C:\Program Files\dotnet\;C:\Users\Ben\Documents\platform-tools;C:\Users\Ben\Desktop\platform-tools;C:\Program Files\Calibre2\;C:\Program Files\NVIDIA Corporation\NVIDIA app\NvDLISR;C:\Program Files (x86)\Microsoft SQL Server\160\Tools\Binn\;C:\Program Files\Microsoft SQL Server\160\Tools\Binn\;C:\Program Files\Microsoft SQL Server\Client SDK\ODBC\170\Tools\Binn\;C:\Program Files\Microsoft SQL Server\160\DTS\Binn\;C:\Program Files\PowerShell\7\;C:\Program Files\Docker\Docker\resources\bin;C:\Users\Ben\AppData\Local\Microsoft\WindowsApps;;C:\Program Files\eclipse;
USERNAME=Ben
OS=Windows_NT
PROCESSOR_IDENTIFIER=Intel64 Family 6 Model 42 Stepping 7, GenuineIntel
TMP=C:\Users\Ben\AppData\Local\Temp
TEMP=C:\Users\Ben\AppData\Local\Temp



Periodic native trim disabled


---------------  S Y S T E M  ---------------

OS:
 Windows 10 , 64 bit Build 19041 (10.0.19041.5915)
OS uptime: 0 days 5:59 hours
Hyper-V role detected

CPU: total 8 (initial active 8) (4 cores per cpu, 2 threads per core) family 6 model 42 stepping 7 microcode 0x2f, cx8, cmov, fxsr, ht, mmx, sse, sse2, sse3, ssse3, sse4.1, sse4.2, popcnt, tsc, tscinvbit, avx, aes, clmul, vzeroupper, clflush, hv
Processor Information for all 8 processors :
  Max Mhz: 3401, Current Mhz: 3401, Mhz Limit: 3401

Memory: 4k page, system-wide physical 16358M (3149M free)
TotalPageFile size 16358M (AvailPageFile size 646M)
current process WorkingSet (physical memory assigned to process): 907M, peak: 962M
current process commit charge ("private bytes"): 942M, peak: 1586M

vm_info: OpenJDK 64-Bit Server VM (17.0.20+8) for windows-amd64 JRE (17.0.20+8), built on Jul 22 2026 00:41:45 by "admin" with MS VC++ 17.12 (VS2022)

END.
